title,genre,year,rating,runtime,popularity,country
Avatar,Action,2009,7.2,162,17,United States of America
Pirates of the Caribbean: At World's End,Action,2007,6.9,169,16,United States of America
Spectre,Action,2015,6.3,148,12,United Kingdom
The Dark Knight Rises,Action,2012,7.6,165,13,United States of America
John Carter,Action,2012,6.1,132,5,United States of America
Spider-Man 3,Drama,2007,5.9,139,13,United States of America
Tangled,Comedy,2010,7.4,100,6,United States of America
Avengers: Age of Ultron,Action,2015,7.3,141,15,United States of America
Harry Potter and the Half-Blood Prince,Action,2009,7.4,153,11,United Kingdom
Batman v Superman: Dawn of Justice,Action,2016,5.7,151,18,United States of America
Superman Returns,Action,2006,5.4,154,7,United States of America
Quantum of Solace,Action,2008,6.1,106,12,United Kingdom
Pirates of the Caribbean: Dead Man's Chest,Action,2006,7.0,151,17,Jamaica
The Lone Ranger,Action,2013,5.9,149,6,United States of America
Man of Steel,Action,2013,6.5,143,11,United Kingdom
The Chronicles of Narnia: Prince Caspian,Action,2008,6.3,150,6,Czech Republic
The Avengers,Sci-Fi,2012,7.4,143,16,United States of America
Pirates of the Caribbean: On Stranger Tides,Action,2011,6.4,136,15,United States of America
Men in Black 3,Action,2012,6.2,106,6,United States of America
The Hobbit: The Battle of the Five Armies,Action,2014,7.1,144,14,New Zealand
The Amazing Spider-Man,Action,2012,6.5,136,10,United States of America
Robin Hood,Action,2010,6.2,140,4,United Kingdom
The Hobbit: The Desolation of Smaug,Action,2013,7.6,161,11,New Zealand
The Golden Compass,Action,2007,5.8,113,5,United Kingdom
King Kong,Action,2005,6.6,187,7,New Zealand
Titanic,Drama,1997,7.5,194,11,United States of America
Captain America: Civil War,Action,2016,7.1,147,23,United States of America
Battleship,Thriller,2012,5.5,131,7,United States of America
Jurassic World,Action,2015,6.5,124,48,United States of America
Skyfall,Action,2012,6.9,143,11,United Kingdom
Spider-Man 2,Action,2004,6.7,127,4,United States of America
Iron Man 3,Action,2013,6.8,130,9,China
Alice in Wonderland,Comedy,2010,6.4,108,9,United States of America
X-Men: The Last Stand,Action,2006,6.3,104,1,Canada
Monsters University,Comedy,2013,7.0,104,10,United States of America
Transformers: Revenge of the Fallen,Sci-Fi,2009,6.0,150,3,United States of America
Transformers: Age of Extinction,Sci-Fi,2014,5.8,165,13,United States of America
Oz: The Great and Powerful,Drama,2013,5.7,130,5,United States of America
The Amazing Spider-Man 2,Action,2014,6.5,142,10,United States of America
TRON: Legacy,Action,2010,6.3,125,8,United States of America
Cars 2,Comedy,2011,5.8,106,6,United States of America
Green Lantern,Action,2011,5.1,114,6,United States of America
Toy Story 3,Comedy,2010,7.6,103,7,United States of America
Terminator Salvation,Action,2009,5.9,115,8,Germany
Furious 7,Action,2015,7.3,137,12,Japan
World War Z,Action,2013,6.7,116,9,United States of America
X-Men: Days of Future Past,Action,2014,7.5,131,13,United Kingdom
Star Trek Into Darkness,Action,2013,7.4,132,9,United States of America
Jack the Giant Slayer,Action,2013,5.5,114,5,United States of America
The Great Gatsby,Drama,2013,7.3,143,7,United States of America
Prince of Persia: The Sands of Time,Action,2010,6.2,116,7,United States of America
Pacific Rim,Action,2013,6.7,131,6,United States of America
Transformers: Dark of the Moon,Action,2011,6.1,154,3,United States of America
Indiana Jones and the Kingdom of the Crystal Skull,Action,2008,5.7,122,9,United States of America
The Good Dinosaur,Action,2015,6.6,93,6,United States of America
Brave,Comedy,2012,6.7,93,14,United States of America
Star Trek Beyond,Action,2016,6.6,122,7,United States of America
WALL·E,Comedy,2008,7.8,98,8,United States of America
Rush Hour 3,Action,2007,6.1,91,3,United States of America
2012,Action,2009,5.6,158,5,Canada
A Christmas Carol,Comedy,2009,6.6,96,5,United States of America
Jupiter Ascending,Sci-Fi,2015,5.2,124,10,United States of America
The Legend of Tarzan,Action,2016,5.5,109,5,Canada
"The Chronicles of Narnia: The Lion, the Witch and the Wardrobe",Action,2005,6.7,143,8,United Kingdom
X-Men: Apocalypse,Sci-Fi,2016,6.4,144,16,United States of America
The Dark Knight,Drama,2008,8.2,152,21,United Kingdom
Up,Comedy,2009,7.7,96,11,United States of America
Monsters vs Aliens,Comedy,2009,6.0,94,4,United States of America
Iron Man,Action,2008,7.4,126,14,United States of America
Hugo,Action,2011,7.0,126,4,France
Wild Wild West,Action,1999,5.1,106,5,United States of America
The Mummy: Tomb of the Dragon Emperor,Action,2008,5.2,112,7,Germany
Suicide Squad,Action,2016,5.9,123,10,United States of America
Evan Almighty,Drama,2007,5.3,96,3,United States of America
Edge of Tomorrow,Action,2014,7.6,113,9,Australia
Waterworld,Action,1995,5.9,135,5,United States of America
G.I. Joe: The Rise of Cobra,Action,2009,5.6,118,4,Czech Republic
Inside Out,Drama,2015,8.0,94,15,United States of America
The Jungle Book,Comedy,2016,6.7,106,11,United Kingdom
Iron Man 2,Action,2010,6.6,124,9,United States of America
Snow White and the Huntsman,Action,2012,5.8,127,9,United States of America
Maleficent,Drama,2014,7.0,97,13,United States of America
Dawn of the Planet of the Apes,Sci-Fi,2014,7.3,130,28,United States of America
The Lovers,Action,2015,4.8,109,1,Australia
47 Ronin,Drama,2013,5.9,119,5,United States of America
Captain America: The Winter Soldier,Action,2014,7.6,136,8,United States of America
Shrek Forever After,Comedy,2010,6.0,93,5,United States of America
Tomorrowland,Action,2015,6.2,130,15,United States of America
Big Hero 6,Action,2014,7.8,102,23,United States of America
Wreck-It Ralph,Comedy,2012,7.1,108,7,United States of America
The Polar Express,Action,2004,6.4,100,5,United States of America
Independence Day: Resurgence,Action,2016,4.9,120,6,United States of America
How to Train Your Dragon,Drama,2010,7.5,98,8,United States of America
Terminator 3: Rise of the Machines,Action,2003,5.9,109,8,Germany
Guardians of the Galaxy,Action,2014,7.9,121,55,United Kingdom
Interstellar,Action,2014,8.1,169,83,Canada
Inception,Action,2010,8.1,148,19,United Kingdom
Shin Godzilla,Action,2016,6.5,120,1,Japan
The Hobbit: An Unexpected Journey,Action,2012,7.0,169,12,New Zealand
The Fast and the Furious,Action,2001,6.6,106,1,Germany
The Curious Case of Benjamin Button,Drama,2008,7.3,166,7,United States of America
X-Men: First Class,Action,2011,7.1,132,1,United States of America
The Hunger Games: Mockingjay - Part 2,Action,2015,6.6,137,15,Germany
The Sorcerer's Apprentice,Drama,2010,5.8,109,4,United States of America
Poseidon,Action,2006,5.5,99,2,United States of America
Alice Through the Looking Glass,Drama,2016,6.5,113,6,United Kingdom
Shrek the Third,Drama,2007,6.0,93,5,United States of America
Warcraft,Action,2016,6.3,123,7,Canada
Terminator Genisys,Sci-Fi,2015,5.8,126,23,United States of America
The Chronicles of Narnia: The Voyage of the Dawn Treader,Action,2010,6.2,113,6,United States of America
Pearl Harbor,Drama,2001,6.6,183,4,United States of America
Transformers,Action,2007,6.6,144,3,United States of America
Alexander,Drama,2004,5.6,175,4,France
Harry Potter and the Order of the Phoenix,Action,2007,7.4,138,9,United Kingdom
Harry Potter and the Goblet of Fire,Action,2005,7.5,157,12,United Kingdom
Hancock,Drama,2008,6.2,92,6,United States of America
I Am Legend,Drama,2007,6.9,101,8,United States of America
Charlie and the Chocolate Factory,Action,2005,6.7,115,6,Australia
Ratatouille,Comedy,2007,7.5,111,8,United States of America
Batman Begins,Action,2005,7.5,140,13,United Kingdom
Madagascar: Escape 2 Africa,Comedy,2008,6.2,89,5,United States of America
Night at the Museum: Battle of the Smithsonian,Action,2009,5.9,105,9,United States of America
X-Men Origins: Wolverine,Action,2009,6.2,107,1,United States of America
The Matrix Revolutions,Action,2003,6.4,129,8,United States of America
Frozen,Comedy,2013,7.3,102,19,United States of America
The Matrix Reloaded,Action,2003,6.7,138,8,Australia
Thor: The Dark World,Action,2013,6.8,112,11,United States of America
Mad Max: Fury Road,Action,2015,7.2,120,50,Australia
Angels & Demons,Thriller,2009,6.5,138,8,Italy
Thor,Action,2011,6.6,115,10,United States of America
Bolt,Comedy,2008,6.3,98,5,United States of America
G-Force,Drama,2009,5.1,88,3,United States of America
Wrath of the Titans,Action,2012,5.5,99,5,Spain
Dark Shadows,Comedy,2012,5.7,113,6,Australia
Mission: Impossible - Rogue Nation,Action,2015,7.1,131,13,China
The Wolfman,Drama,2010,5.5,102,2,United States of America
Bee Movie,Comedy,2007,5.7,91,3,United States of America
Kung Fu Panda 2,Comedy,2011,6.7,91,6,United States of America
The Last Airbender,Action,2010,4.7,103,4,United States of America
Mission: Impossible III,Action,2006,6.5,126,7,China
White House Down,Action,2013,6.4,131,4,United States of America
Mars Needs Moms,Action,2011,5.5,88,1,United States of America
Flushed Away,Action,2006,6.0,85,3,United Kingdom
Pan,Action,2015,5.9,111,5,United States of America
Mr. Peabody & Sherman,Comedy,2014,6.7,92,4,United States of America
Troy,Action,2004,6.9,163,8,United States of America
Madagascar 3: Europe's Most Wanted,Comedy,2012,6.4,93,5,United States of America
Die Another Day,Action,2002,5.8,133,6,United Kingdom
Ghostbusters,Action,2016,5.3,116,8,United States of America
Armageddon,Action,1998,6.4,151,7,United States of America
Men in Black II,Action,2002,6.0,88,10,United States of America
Beowulf,Action,2007,5.5,115,4,United States of America
Kung Fu Panda 3,Action,2016,6.7,95,6,China
Mission: Impossible - Ghost Protocol,Action,2011,6.8,133,9,Czech Republic
Rise of the Guardians,Drama,2012,7.1,97,7,United States of America
Fun with Dick and Jane,Comedy,2005,5.9,90,3,United States of America
The Last Samurai,Drama,2003,7.3,154,6,Japan
Exodus: Gods and Kings,Action,2014,5.6,150,12,Spain
Star Trek,Sci-Fi,2009,7.4,127,8,Germany
Spider-Man,Drama,2002,6.8,121,9,United States of America
How to Train Your Dragon 2,Drama,2014,7.6,102,11,United States of America
Gods of Egypt,Drama,2016,5.3,127,6,Australia
Stealth,Action,2005,4.9,121,2,United States of America
Watchmen,Action,2009,7.0,163,7,United States of America
Lethal Weapon 4,Action,1998,6.3,127,3,United States of America
Hulk,Drama,2003,5.3,138,4,United States of America
G.I. Joe: Retaliation,Action,2013,5.4,110,7,United States of America
Sahara,Action,2005,5.7,124,2,Germany
Final Fantasy: The Spirits Within,Action,2001,5.9,106,3,Japan
Captain America: The First Avenger,Action,2011,6.6,124,9,United States of America
The World Is Not Enough,Action,1999,6.0,128,5,United Kingdom
Master and Commander: The Far Side of the World,Action,2003,6.9,138,4,United States of America
The Twilight Saga: Breaking Dawn - Part 2,Action,2012,6.1,115,11,United States of America
Happy Feet Two,Comedy,2011,5.8,100,2,Australia
The Incredible Hulk,Sci-Fi,2008,6.1,114,7,United States of America
The BFG,Action,2016,6.0,120,5,India
The Revenant,Drama,2015,7.3,156,11,Canada
Turbo,Comedy,2013,6.1,96,5,United States of America
Rango,Comedy,2011,6.6,107,3,United States of America
Penguins of Madagascar,Comedy,2014,6.5,92,10,United States of America
The Bourne Ultimatum,Action,2007,7.3,115,5,Germany
Kung Fu Panda,Action,2008,6.9,90,10,United States of America
Ant-Man,Sci-Fi,2015,7.0,117,14,United States of America
The Hunger Games: Catching Fire,Action,2013,7.4,146,9,United States of America
Home,Drama,2015,6.8,94,7,United States of America
War of the Worlds,Action,2005,6.2,116,6,United States of America
Bad Boys II,Action,2003,6.3,147,4,United States of America
Puss in Boots,Action,2011,6.4,90,2,United States of America
Salt,Action,2010,6.2,100,6,United States of America
Noah,Drama,2014,5.6,139,5,United States of America
The Adventures of Tintin,Action,2011,6.7,107,10,New Zealand
Harry Potter and the Prisoner of Azkaban,Action,2004,7.7,141,9,United Kingdom
Australia,Drama,2008,6.3,165,3,Australia
After Earth,Sci-Fi,2013,5.0,100,5,United States of America
Dinosaur,Comedy,2000,6.2,82,3,United States of America
Night at the Museum: Secret of the Tomb,Action,2014,6.1,97,13,United Kingdom
Megamind,Comedy,2010,6.7,95,8,United States of America
Harry Potter and the Philosopher's Stone,Action,2001,7.5,152,13,United Kingdom
R.I.P.D.,Drama,2013,5.4,96,5,United States of America
Pirates of the Caribbean: The Curse of the Black Pearl,Action,2003,7.5,143,31,United States of America
The Hunger Games: Mockingjay - Part 1,Sci-Fi,2014,6.6,123,24,United States of America
The Da Vinci Code,Thriller,2006,6.5,149,5,United States of America
Rio 2,Comedy,2014,6.3,102,5,United States of America
X2,Action,2003,6.8,133,1,United States of America
Fast Five,Action,2011,7.1,130,1,United States of America
Sherlock Holmes: A Game of Shadows,Action,2011,7.0,129,9,United States of America
Clash of the Titans,Action,2010,5.6,106,5,United States of America
Total Recall,Action,1990,7.1,113,5,United States of America
The 13th Warrior,Action,1999,6.4,102,3,United States of America
The Bourne Legacy,Action,2012,6.0,120,10,United States of America
Batman & Robin,Action,1997,4.2,125,6,United Kingdom
How the Grinch Stole Christmas,Comedy,2000,6.2,104,5,Germany
The Day After Tomorrow,Action,2004,6.2,124,5,United States of America
Mission: Impossible II,Action,2000,5.9,123,6,Germany
The Perfect Storm,Drama,2000,6.2,130,3,United States of America
Fantastic 4: Rise of the Silver Surfer,Action,2007,5.4,92,7,Germany
Life of Pi,Action,2012,7.2,127,6,United States of America
Ghost Rider,Thriller,2007,5.2,114,5,United States of America
Jason Bourne,Action,2016,5.9,123,7,United Kingdom
Charlie's Angels: Full Throttle,Action,2003,5.2,106,4,United States of America
Prometheus,Sci-Fi,2012,6.3,124,8,United Kingdom
Stuart Little 2,Comedy,2002,5.4,78,3,United States of America
Elysium,Sci-Fi,2013,6.4,109,8,United States of America
The Chronicles of Riddick,Action,2004,6.3,119,3,United States of America
RoboCop,Action,2014,5.7,102,8,Canada
Speed Racer,Action,2008,5.7,135,2,Australia
How Do You Know,Comedy,2010,4.9,121,1,United States of America
Knight and Day,Action,2010,5.9,109,5,United States of America
Oblivion,Action,2013,6.4,124,8,United States of America
Star Wars: Episode III - Revenge of the Sith,Sci-Fi,2005,7.1,140,5,United States of America
Star Wars: Episode II - Attack of the Clones,Action,2002,6.4,142,5,United States of America
"Monsters, Inc.",Comedy,2001,7.5,92,12,United States of America
The Wolverine,Action,2013,6.3,126,2,United Kingdom
Star Wars: Episode I - The Phantom Menace,Action,1999,6.3,136,6,United States of America
The Croods,Action,2013,6.8,98,7,United States of America
Asterix at the Olympic Games,Drama,2008,5.0,116,2,Belgium
Windtalkers,Drama,2002,5.8,134,2,United States of America
The Huntsman: Winter's War,Action,2016,6.0,114,7,United States of America
Teenage Mutant Ninja Turtles,Sci-Fi,2014,5.8,101,16,United States of America
Gravity,Sci-Fi,2013,7.3,91,13,United Kingdom
Dante's Peak,Action,1997,5.7,108,2,United States of America
Teenage Mutant Ninja Turtles: Out of the Shadows,Drama,2016,5.8,112,5,China
Fantastic Four,Action,2015,4.4,100,4,United States of America
Night at the Museum,Action,2006,6.3,108,6,United States of America
San Andreas,Action,2015,6.0,114,11,Canada
Tomorrow Never Dies,Action,1997,6.0,119,5,United Kingdom
The Patriot,Drama,2000,6.8,165,3,Germany
Ocean's Twelve,Thriller,2004,6.4,125,9,United States of America
Mr. & Mrs. Smith,Action,2005,6.5,120,5,United States of America
Insurgent,Action,2015,6.2,119,12,United States of America
The Aviator,Drama,2004,7.0,170,5,United States of America
Gulliver's Travels,Comedy,2010,4.9,85,3,United States of America
The Green Hornet,Action,2011,5.5,119,4,United States of America
300: Rise of an Empire,Action,2014,6.1,102,8,United States of America
The Smurfs,Comedy,2011,5.5,103,4,United States of America
Home on the Range,Comedy,2004,5.7,76,2,United States of America
Allegiant,Action,2016,5.9,121,10,United States of America
Real Steel,Action,2011,6.6,127,4,India
The Smurfs 2,Drama,2013,5.5,105,4,United States of America
Speed 2: Cruise Control,Action,1997,4.1,121,3,United States of America
Ender's Game,Sci-Fi,2013,6.6,114,5,United States of America
Live Free or Die Hard,Action,2007,6.4,128,6,United Kingdom
The Lord of the Rings: The Fellowship of the Ring,Action,2001,8.0,178,16,New Zealand
Around the World in 80 Days,Action,2004,5.7,120,3,Germany
Ali,Drama,2001,6.7,157,2,United States of America
The Cat in the Hat,Comedy,2003,4.9,82,2,United States of America
"I, Robot",Action,2004,6.7,115,11,United States of America
Kingdom of Heaven,Drama,2005,6.6,144,5,Germany
Stuart Little,Comedy,1999,5.8,84,3,Germany
The Princess and the Frog,Romance,2009,6.7,97,7,United States of America
The Martian,Drama,2015,7.6,141,19,United States of America
The Island,Action,2005,6.5,136,4,United States of America
Town & Country,Comedy,2001,3.7,104,1,Unknown
Gone in Sixty Seconds,Action,2000,6.1,118,6,United States of America
Gladiator,Action,2000,7.9,155,11,United Kingdom
Minority Report,Action,2002,7.1,145,8,United States of America
Harry Potter and the Chamber of Secrets,Action,2002,7.4,161,15,Germany
Casino Royale,Action,2006,7.3,144,10,Italy
Planet of the Apes,Thriller,2001,5.6,119,6,United States of America
Terminator 2: Judgment Day,Action,1991,7.7,137,12,France
Public Enemies,Drama,2009,6.5,140,4,United States of America
American Gangster,Drama,2007,7.4,157,5,United Kingdom
True Lies,Action,1994,6.8,141,4,United States of America
The Taking of Pelham 1 2 3,Thriller,2009,6.2,106,5,United States of America
Little Fockers,Comedy,2010,5.4,98,4,United States of America
The Other Guys,Action,2010,6.1,107,3,United States of America
Eraser,Action,1996,5.6,115,3,Canada
Django Unchained,Drama,2012,7.8,165,9,United States of America
The Hunchback of Notre Dame,Drama,1996,6.8,91,5,United States of America
The Emperor's New Groove,Action,2000,7.2,78,6,United States of America
The Expendables 2,Action,2012,6.1,103,6,United States of America
National Treasure,Action,2004,6.4,131,7,United States of America
Eragon,Drama,2006,4.9,104,4,United Kingdom
Where the Wild Things Are,Comedy,2009,6.4,101,4,United States of America
Epic,Comedy,2013,6.4,102,4,United States of America
The Tourist,Action,2010,6.0,103,5,United Kingdom
End of Days,Action,1999,5.5,121,2,United States of America
Blood Diamond,Drama,2006,7.3,143,6,Germany
The Wolf of Wall Street,Thriller,2013,7.9,180,11,United States of America
Batman Forever,Action,1995,5.2,121,6,United Kingdom
Starship Troopers,Action,1997,6.7,129,7,United States of America
Cloud Atlas,Drama,2012,6.6,172,8,Germany
Legend of the Guardians: The Owls of Ga'Hoole,Comedy,2010,6.5,97,4,Australia
Catwoman,Action,2004,4.2,104,4,United States of America
Hercules,Action,2014,5.6,99,9,United States of America
Treasure Planet,Action,2002,7.2,95,4,United States of America
Land of the Lost,Action,2009,5.3,102,2,United States of America
The Expendables 3,Action,2014,6.1,127,7,France
Point Break,Action,2015,5.5,114,4,Germany
Son of the Mask,Drama,2005,3.6,94,2,Germany
In the Heart of the Sea,Thriller,2015,6.5,122,6,United States of America
The Adventures of Pluto Nash,Action,2002,4.4,95,1,Australia
Green Zone,Drama,2010,6.4,115,3,Spain
The Peanuts Movie,Comedy,2015,6.5,88,4,United States of America
The Spanish Prisoner,Thriller,1997,7.1,110,1,United States of America
The Mummy Returns,Action,2001,6.0,130,5,United States of America
Gangs of New York,Drama,2002,7.1,167,5,United States of America
The Flowers of War,Drama,2011,7.1,145,1,China
Surf's Up,Comedy,2007,5.9,85,3,United States of America
The Stepford Wives,Action,2004,5.4,93,2,United States of America
Black Hawk Down,Action,2001,7.2,144,5,United Kingdom
The Campaign,Comedy,2012,5.6,85,2,United States of America
The Fifth Element,Action,1997,7.3,126,13,France
Sex and the City 2,Comedy,2010,5.4,146,2,United States of America
The Road to El Dorado,Action,2000,7.0,89,4,United States of America
Ice Age: Continental Drift,Comedy,2012,6.2,88,7,United States of America
Cinderella,Romance,2015,6.7,105,12,United Kingdom
The Lovely Bones,Drama,2009,6.6,136,3,United Kingdom
Finding Nemo,Comedy,2003,7.6,100,10,United States of America
The Lord of the Rings: The Return of the King,Action,2003,8.1,201,14,New Zealand
The Lord of the Rings: The Two Towers,Action,2002,8.0,179,12,New Zealand
Seventh Son,Action,2014,5.2,102,7,China
Lara Croft: Tomb Raider,Action,2001,5.7,100,5,United States of America
Transcendence,Thriller,2014,5.9,119,7,China
Jurassic Park III,Action,2001,5.7,92,1,United States of America
Rise of the Planet of the Apes,Thriller,2011,7.0,105,16,United States of America
The Spiderwick Chronicles,Action,2008,6.3,95,2,United States of America
A Good Day to Die Hard,Action,2013,5.2,98,7,United States of America
The Alamo,Drama,2004,5.8,137,1,United States of America
The Incredibles,Action,2004,7.4,115,9,United States of America
Cutthroat Island,Action,1995,5.7,119,1,France
Percy Jackson & the Olympians: The Lightning Thief,Action,2010,6.0,118,7,Canada
Men in Black,Action,1997,6.9,98,12,United States of America
Toy Story 2,Comedy,1999,7.3,92,8,United States of America
Unstoppable,Action,2010,6.3,98,4,United States of America
Rush Hour 2,Action,2001,6.4,90,4,United States of America
What Lies Beneath,Drama,2000,6.3,130,2,United States of America
Cloudy with a Chance of Meatballs,Comedy,2009,6.5,90,5,United States of America
Ice Age: Dawn of the Dinosaurs,Comedy,2009,6.5,94,8,United States of America
The Secret Life of Walter Mitty,Action,2013,7.0,114,5,United States of America
Charlie's Angels,Action,2000,5.6,98,5,United States of America
The Departed,Drama,2006,7.9,151,7,Hong Kong
Mulan,Comedy,1998,7.6,88,8,United States of America
Tropic Thunder,Action,2008,6.5,107,5,United States of America
The Girl with the Dragon Tattoo,Thriller,2011,7.2,158,5,Norway
Die Hard: With a Vengeance,Action,1995,6.9,128,6,United States of America
Sherlock Holmes,Action,2009,7.0,128,7,Germany
Ben-Hur,Drama,2016,5.3,125,3,United States of America
Atlantis: The Lost Empire,Comedy,2001,6.7,95,6,United States of America
Alvin and the Chipmunks: The Road Chip,Action,2015,5.8,92,3,United States of America
Valkyrie,Drama,2008,6.7,121,4,Germany
You Don't Mess with the Zohan,Comedy,2008,5.5,113,5,United States of America
Pixels,Action,2015,5.6,105,16,United States of America
A.I. Artificial Intelligence,Drama,2001,6.8,146,4,United States of America
The Haunted Mansion,Thriller,2003,5.2,99,2,United States of America
Contact,Drama,1997,7.2,150,6,United States of America
Hollow Man,Action,2000,5.6,112,3,Germany
The Interpreter,Thriller,2005,6.2,128,2,France
Percy Jackson: Sea of Monsters,Action,2013,5.9,106,5,United States of America
Lara Croft Tomb Raider: The Cradle of Life,Action,2003,5.5,117,6,United States of America
Now You See Me 2,Action,2016,6.7,129,6,Canada
The Saint,Thriller,1997,5.9,116,2,United States of America
Spy Game,Action,2001,6.8,126,3,United Kingdom
Mission to Mars,Sci-Fi,2000,5.7,114,2,United States of America
Rio,Comedy,2011,6.5,96,5,United States of America
Bicentennial Man,Comedy,1999,6.9,131,3,Germany
Volcano,Sci-Fi,1997,5.2,104,2,United States of America
The Devil's Own,Thriller,1997,5.9,107,2,United States of America
K-19: The Widowmaker,Drama,2002,6.1,138,2,Canada
Conan the Barbarian,Action,1982,6.6,129,4,United States of America
Cinderella Man,Romance,2005,7.3,144,3,United States of America
The Nutcracker: The Untold Story,Drama,2010,5.4,110,1,United Kingdom
Seabiscuit,Drama,2003,6.7,141,2,United States of America
Twister,Action,1996,6.1,113,4,United States of America
Cast Away,Action,2000,7.5,143,7,United States of America
Happy Feet,Comedy,2006,5.9,108,4,Australia
The Bourne Supremacy,Action,2004,7.2,108,6,Germany
Air Force One,Action,1997,6.2,124,4,Germany
Ocean's Eleven,Thriller,2001,7.2,116,7,United States of America
The Three Musketeers,Action,2011,5.6,110,4,United States of America
Hotel Transylvania,Comedy,2012,6.8,91,6,United States of America
Enchanted,Comedy,2007,6.6,107,3,United States of America
Safe House,Action,2012,6.3,115,4,United States of America
102 Dalmatians,Comedy,2000,5.1,100,1,United States of America
Tower Heist,Action,2011,5.8,104,4,United States of America
The Holiday,Comedy,2006,6.7,136,5,United Kingdom
Enemy of the State,Action,1998,6.7,132,5,United States of America
It's Complicated,Comedy,2009,6.2,121,2,United States of America
Ocean's Thirteen,Thriller,2007,6.5,122,5,United States of America
Open Season,Action,2006,6.1,83,3,United States of America
Divergent,Action,2014,6.9,139,9,United States of America
Enemy at the Gates,Drama,2001,7.2,131,5,Ireland
The Rundown,Action,2003,6.4,104,3,United States of America
Last Action Hero,Action,1993,6.1,130,4,United States of America
Memoirs of a Geisha,Drama,2005,7.3,145,2,United States of America
The Fast and the Furious: Tokyo Drift,Action,2006,6.1,104,1,Japan
Arthur Christmas,Drama,2011,6.7,97,2,United States of America
Meet Joe Black,Drama,1998,6.9,178,4,United States of America
Collateral Damage,Action,2002,5.5,108,2,United States of America
All That Jazz,Drama,1979,7.3,123,1,United States of America
Mirror Mirror,Action,2012,5.5,106,5,United States of America
Scott Pilgrim vs. the World,Action,2010,7.2,112,4,United States of America
The Core,Action,2003,5.4,136,3,United States of America
Nutty Professor II: The Klumps,Drama,2000,4.7,106,2,United States of America
Scooby-Doo,Thriller,2002,5.4,88,4,United States of America
Dredd,Action,2012,6.6,95,7,South Africa
Click,Comedy,2006,6.0,107,5,United States of America
Creepshow,Horror,1982,6.7,120,2,United States of America
Cats & Dogs 2 : The Revenge of Kitty Galore,Comedy,2010,4.9,82,1,United States of America
Jumper,Action,2008,5.9,88,2,Canada
Hellboy II: The Golden Army,Action,2008,6.5,120,7,Germany
Zodiac,Thriller,2007,7.3,157,6,United States of America
The 6th Day,Sci-Fi,2000,5.7,123,2,United States of America
Bruce Almighty,Drama,2003,6.4,101,13,United States of America
The Expendables,Thriller,2010,6.0,103,9,United States of America
Mission: Impossible,Action,1996,6.7,110,9,United States of America
The Hunger Games,Sci-Fi,2012,6.9,142,8,United States of America
The Hangover Part II,Comedy,2011,6.2,102,7,United States of America
Batman Returns,Action,1992,6.6,126,7,United Kingdom
Over the Hedge,Comedy,2006,6.3,83,4,United States of America
Lilo & Stitch,Comedy,2002,7.1,85,6,United States of America
Charlotte's Web,Comedy,2006,5.8,97,2,Germany
Deep Impact,Action,1998,5.9,120,4,United States of America
RED 2,Action,2013,6.4,116,5,Canada
The Longest Yard,Comedy,2005,6.2,113,3,United States of America
Alvin and the Chipmunks: Chipwrecked,Comedy,2011,5.4,87,3,United States of America
Grown Ups 2,Comedy,2013,5.8,100,5,United States of America
Get Smart,Action,2008,6.0,110,3,Canada
Something's Gotta Give,Drama,2003,6.3,128,2,United States of America
Shutter Island,Drama,2010,7.8,138,9,United States of America
Four Christmases,Comedy,2008,5.3,88,2,United States of America
Robots,Comedy,2005,6.0,91,3,United States of America
Face/Off,Action,1997,6.8,138,5,United States of America
Bedtime Stories,Drama,2008,5.9,99,3,United States of America
Road to Perdition,Thriller,2002,7.3,117,6,United States of America
Just Go with It,Romance,2011,6.3,117,4,United States of America
Con Air,Action,1997,6.5,115,5,United States of America
Eagle Eye,Thriller,2008,6.3,118,5,United States of America
Cold Mountain,Drama,2003,6.7,154,3,United States of America
The Book of Eli,Action,2010,6.6,118,4,United States of America
Flubber,Comedy,1997,5.3,93,1,United States of America
The Haunting,Horror,1999,5.2,113,2,United States of America
Space Jam,Comedy,1996,6.5,88,4,United States of America
The Pink Panther,Action,2006,5.6,93,3,United States of America
The Day the Earth Stood Still,Drama,2008,5.2,104,5,Canada
Conspiracy Theory,Action,1997,6.5,135,3,United States of America
Fury,Drama,2014,7.4,135,16,United Kingdom
Six Days Seven Nights,Action,1998,5.6,98,2,United States of America
Yogi Bear,Comedy,2010,5.2,80,1,United States of America
Spirit: Stallion of the Cimarron,Drama,2002,7.4,83,5,United States of America
Zookeeper,Comedy,2011,5.3,102,3,United States of America
Lost in Space,Action,1998,5.0,130,2,United States of America
The Manchurian Candidate,Drama,2004,6.2,129,2,United States of America
Déjà Vu,Romance,1998,8.0,117,1,United States of America
Hotel Transylvania 2,Comedy,2015,6.7,89,7,United States of America
Fantasia 2000,Comedy,1999,7.0,74,2,United States of America
The Time Machine,Sci-Fi,2002,5.8,96,3,United States of America
Mighty Joe Young,Action,1998,5.9,114,1,United States of America
Swordfish,Action,2001,6.1,99,4,Australia
The Legend of Zorro,Action,2005,5.9,129,4,Mexico
What Dreams May Come,Drama,1998,6.8,113,3,New Zealand
Little Nicky,Comedy,2000,5.2,90,2,United States of America
The Brothers Grimm,Action,2005,5.6,118,5,Czech Republic
Mars Attacks!,Comedy,1996,6.1,106,5,United States of America
Evolution,Thriller,2015,6.4,81,1,Belgium
The Edge,Action,1997,6.7,117,2,United States of America
Surrogates,Action,2009,5.9,89,4,United States of America
Thirteen Days,Drama,2000,6.9,145,2,United States of America
Daylight,Action,1996,5.8,115,2,United States of America
Walking With Dinosaurs,Comedy,2013,5.2,87,1,Australia
Battlefield Earth,Action,2000,3.0,118,1,United States of America
Looney Tunes: Back in Action,Comedy,2003,5.6,90,2,Germany
Nine,Drama,2009,5.1,112,1,Italy
Timeline,Action,2003,5.4,116,1,United States of America
The Postman,Drama,1997,6.1,177,2,United States of America
Babe: Pig in the City,Action,1998,5.2,92,1,Australia
The Last Witch Hunter,Drama,2015,5.7,106,6,United States of America
Red Planet,Thriller,2000,5.4,106,2,Australia
Arthur and the Invisibles,Action,2006,6.0,94,3,France
Oceans,Drama,2009,7.3,84,1,France
A Sound of Thunder,Thriller,2005,4.8,110,1,Czech Republic
Pompeii,Action,2014,5.2,105,6,Canada
Top Cat Begins,Comedy,2015,5.3,89,1,India
A Beautiful Mind,Drama,2001,7.7,135,7,United States of America
The Lion King,Comedy,1994,8.0,89,10,United States of America
Journey 2: The Mysterious Island,Action,2012,5.8,94,5,United States of America
Cloudy with a Chance of Meatballs 2,Comedy,2013,6.4,95,5,United States of America
Red Dragon,Thriller,2002,6.7,124,1,Germany
Hidalgo,Drama,2004,6.5,136,2,United States of America
Jack and Jill,Comedy,2011,4.1,91,3,United States of America
2 Fast 2 Furious,Action,2003,6.2,107,1,United States of America
The Little Prince,Action,2015,7.6,92,4,France
The Invasion,Sci-Fi,2007,5.7,99,2,United States of America
The Adventures of Rocky & Bullwinkle,Action,2000,3.9,88,1,Germany
The Secret Life of Pets,Comedy,2016,5.9,87,4,United States of America
The League of Extraordinary Gentlemen,Drama,2003,5.7,110,5,Czech Republic
Despicable Me 2,Comedy,2013,7.0,98,16,United States of America
Independence Day,Action,1996,6.7,145,7,United States of America
The Lost World: Jurassic Park,Action,1997,6.2,129,1,United States of America
Madagascar,Comedy,2005,6.6,86,5,United States of America
Children of Men,Drama,2006,7.4,109,4,United Kingdom
X-Men,Action,2000,6.8,104,1,United States of America
Wanted,Action,2008,6.4,110,8,Germany
The Rock,Action,1996,6.9,136,6,United States of America
Ice Age: The Meltdown,Comedy,2006,6.5,91,10,United States of America
50 First Dates,Comedy,2004,6.6,99,7,United States of America
Hairspray,Comedy,2007,6.5,117,4,United Kingdom
Exorcist: The Beginning,Horror,2004,4.7,114,2,United States of America
Inspector Gadget,Action,1999,4.3,78,2,United States of America
Now You See Me,Thriller,2013,7.3,115,8,United States of America
Grown Ups,Comedy,2010,6.0,102,4,United States of America
The Terminal,Comedy,2004,7.0,128,7,United States of America
Hotel for Dogs,Comedy,2009,5.7,100,2,United States of America
Vertical Limit,Action,2000,5.9,124,2,New Zealand
Charlie Wilson's War,Comedy,2007,6.5,102,2,United States of America
Shark Tale,Comedy,2004,5.8,90,5,United States of America
Dreamgirls,Drama,2006,6.6,134,2,United States of America
Be Cool,Comedy,2005,5.4,118,2,United States of America
Munich,Drama,2005,6.9,164,3,Canada
Tears of the Sun,Action,2003,6.4,121,3,United States of America
Killers,Action,2010,5.7,100,3,United States of America
The Man from U.N.C.L.E.,Comedy,2015,7.1,116,6,United States of America
Spanglish,Comedy,2004,5.8,130,2,United States of America
Monster House,Comedy,2006,6.3,91,4,United States of America
Bandits,Action,2001,6.2,123,3,United States of America
First Knight,Action,1995,5.9,134,2,United States of America
Anna and the King,Drama,1999,6.4,148,2,Malaysia
Immortals,Drama,2011,5.7,110,4,United States of America
Hostage,Thriller,2005,6.2,113,3,Germany
Titan A.E.,Comedy,2000,6.3,94,2,United States of America
Hollywood Homicide,Action,2003,5.0,116,1,United States of America
Soldier,Action,1998,6.1,99,1,United States of America
Carriers,Action,2009,5.8,84,1,United States of America
Monkeybone,Action,2001,4.3,93,1,United States of America
Flight of the Phoenix,Action,2004,5.7,113,2,United States of America
Unbreakable,Sci-Fi,2000,6.9,106,5,United States of America
Minions,Comedy,2015,6.4,91,100,United States of America
Sucker Punch,Action,2011,5.9,110,4,United States of America
Snake Eyes,Thriller,1998,5.8,98,2,Canada
Sphere,Sci-Fi,1998,5.8,134,2,United States of America
The Angry Birds Movie,Comedy,2016,5.9,97,5,Finland
Fool's Gold,Romance,2008,5.4,112,2,United States of America
Funny People,Comedy,2009,5.7,146,2,United States of America
The Kingdom,Thriller,2007,6.5,110,3,Germany
Talladega Nights: The Ballad of Ricky Bobby,Comedy,2006,6.2,116,1,United States of America
Dr. Dolittle 2,Comedy,2001,4.9,87,2,United States of America
Braveheart,Action,1995,7.7,177,7,United States of America
Jarhead,Drama,2005,6.6,125,4,Germany
The Simpsons Movie,Comedy,2007,6.9,87,5,United States of America
The Majestic,Drama,2001,6.6,152,1,United States of America
Driven,Action,2001,4.5,116,1,Australia
Two Brothers,Action,2004,6.9,109,1,France
The Village,Drama,2004,6.2,108,3,United States of America
Doctor Dolittle,Comedy,1998,5.4,85,2,United States of America
Signs,Drama,2002,6.4,106,3,United States of America
Shrek 2,Action,2004,6.7,93,5,United States of America
Cars,Comedy,2006,6.6,117,9,United States of America
Runaway Bride,Comedy,1999,5.7,116,2,United States of America
xXx,Action,2002,5.8,124,5,United States of America
The SpongeBob Movie: Sponge Out of Water,Comedy,2015,5.8,93,4,United States of America
Ransom,Action,1996,6.4,117,2,United States of America
Inglourious Basterds,Drama,2009,7.9,153,8,Germany
Hook,Action,1991,6.6,144,4,United States of America
Die Hard 2,Action,1990,6.6,124,7,United States of America
S.W.A.T.,Action,2003,5.8,117,4,United States of America
Vanilla Sky,Drama,2001,6.5,136,3,United States of America
Lady in the Water,Drama,2006,5.3,110,2,United States of America
AVP: Alien vs. Predator,Action,2004,5.5,101,5,Canada
Alvin and the Chipmunks: The Squeakquel,Comedy,2009,5.4,88,3,United States of America
We Were Soldiers,Action,2002,6.7,138,2,Germany
Olympus Has Fallen,Action,2013,6.2,120,7,United States of America
Star Trek: Insurrection,Sci-Fi,1998,6.3,103,2,United States of America
Battle: Los Angeles,Action,2011,5.5,116,6,United States of America
Big Fish,Action,2003,7.6,125,5,United States of America
Wolf,Drama,1994,6.0,125,2,United States of America
War Horse,Drama,2011,7.0,146,3,United States of America
The Monuments Men,Drama,2014,5.8,118,5,Germany
The Abyss,Action,1989,7.1,139,3,United States of America
Wall Street: Money Never Sleeps,Drama,2010,5.8,133,3,United States of America
Dracula Untold,Horror,2014,6.2,92,7,United States of America
The Siege,Drama,1998,6.0,116,2,United States of America
Stardust,Action,2007,7.1,127,5,Iceland
Seven Years in Tibet,Action,1997,7.0,136,2,United States of America
The Dilemma,Comedy,2011,5.2,111,2,United States of America
Bad Company,Action,2002,5.4,116,2,United States of America
Doom,Action,2005,5.0,105,3,Czech Republic
I Spy,Action,2002,5.2,97,2,United States of America
Underworld: Awakening,Drama,2012,6.1,88,7,United States of America
Rock of Ages,Comedy,2012,6.0,123,3,United States of America
Hart's War,Drama,2002,5.9,125,2,United States of America
Killer Elite,Action,2011,6.1,116,3,Australia
Rollerball,Action,2002,3.4,98,1,Germany
Ballistic: Ecks vs. Sever,Action,2002,4.3,91,1,Germany
Hard Rain,Thriller,1998,5.5,97,1,Denmark
Osmosis Jones,Action,2001,5.9,95,1,United States of America
Legends of Oz: Dorothy's Return,Comedy,2013,5.9,88,1,India
Blackhat,Thriller,2015,5.1,133,5,United States of America
Sky Captain and the World of Tomorrow,Thriller,2004,5.7,107,3,United Kingdom
Basic Instinct 2,Thriller,2006,4.6,114,2,Germany
Escape Plan,Action,2013,6.7,115,5,United States of America
The Legend of Hercules,Action,2014,4.4,99,3,United States of America
The Sum of All Fears,Thriller,2002,5.9,124,3,United States of America
The Twilight Saga: Eclipse,Action,2010,5.8,124,12,United States of America
The Score,Action,2001,6.7,124,3,Germany
Despicable Me,Comedy,2010,7.1,95,13,United States of America
Money Train,Action,1995,5.4,103,1,United States of America
Ted 2,Comedy,2015,6.2,115,8,United States of America
Agora,Action,2009,6.9,127,2,Spain
Mystery Men,Action,1999,5.7,121,1,United States of America
Hall Pass,Comedy,2011,5.4,105,3,United States of America
The Insider,Drama,1999,7.3,157,3,United States of America
The Finest Hours,Action,2016,6.3,114,3,United States of America
Body of Lies,Action,2008,6.5,128,4,United States of America
Dinner for Schmucks,Comedy,2010,5.5,114,1,United States of America
Abraham Lincoln: Vampire Hunter,Action,2012,5.5,94,4,United States of America
Entrapment,Romance,1999,6.0,112,3,United Kingdom
The X Files,Thriller,1998,6.6,121,2,Canada
The Last Legion,Action,2007,5.0,102,1,United Kingdom
Saving Private Ryan,Drama,1998,7.9,169,9,United States of America
Need for Speed,Action,2014,6.1,130,6,Philippines
What Women Want,Comedy,2000,6.1,127,4,United States of America
Ice Age,Comedy,2002,7.1,81,11,United States of America
Dreamcatcher,Drama,2003,5.3,136,3,United States of America
Lincoln,Drama,2012,6.7,149,4,India
The Matrix,Action,1999,7.9,136,12,Australia
Apollo 13,Drama,1995,7.3,140,8,United States of America
The Santa Clause 2,Drama,2002,5.5,104,2,United States of America
Les Misérables,Drama,2012,7.1,157,6,United Kingdom
You've Got Mail,Comedy,1998,6.3,119,3,United States of America
Step Brothers,Comedy,2008,6.5,98,3,United States of America
The Mask of Zorro,Action,1998,6.3,136,4,United States of America
Due Date,Comedy,2010,6.2,95,5,United States of America
Unbroken,Drama,2014,7.3,137,5,United States of America
Space Cowboys,Action,2000,6.3,130,2,United States of America
Cliffhanger,Action,1993,6.1,112,3,France
Broken Arrow,Action,1996,5.7,108,3,United States of America
The Kid,Drama,2000,6.0,104,2,United States of America
World Trade Center,Drama,2006,5.9,128,3,United States of America
Mona Lisa Smile,Drama,2003,6.5,117,2,United States of America
The Dictator,Comedy,2012,5.9,83,4,United States of America
Eyes Wide Shut,Thriller,1999,7.1,159,3,United Kingdom
Annie,Comedy,2014,6.0,119,4,United States of America
Focus,Romance,2015,6.7,105,7,United States of America
This Means War,Action,2012,5.9,103,4,United States of America
Blade: Trinity,Sci-Fi,2004,5.7,123,6,United States of America
Red Dawn,Action,1984,6.4,114,1,United States of America
Primary Colors,Comedy,1998,6.1,143,1,France
Resident Evil: Retribution,Action,2012,5.6,95,1,Canada
Death Race,Action,2008,6.0,105,5,United Kingdom
The Long Kiss Goodnight,Thriller,1996,6.5,120,2,United States of America
Proof of Life,Action,2000,6.0,135,2,United States of America
Zathura: A Space Adventure,Comedy,2005,6.1,101,2,United States of America
Fight Club,Drama,1999,8.3,139,17,Germany
We Are Marshall,Drama,2006,6.7,124,1,United States of America
Hudson Hawk,Action,1991,5.4,100,2,United States of America
Lucky Numbers,Action,2000,4.9,105,1,France
"I, Frankenstein",Horror,2014,5.0,92,4,United States of America
Oliver Twist,Thriller,2005,6.7,130,2,Czech Republic
Elektra,Action,2005,4.8,97,3,Canada
Sin City: A Dame to Kill For,Thriller,2014,6.3,102,10,United States of America
Random Hearts,Drama,1999,5.3,133,1,United States of America
Everest,Action,2015,6.7,121,7,Iceland
Perfume: The Story of a Murderer,Thriller,2006,7.1,147,5,Spain
Austin Powers in Goldmember,Comedy,2002,5.9,94,5,United States of America
Astro Boy,Comedy,2009,6.1,94,3,Hong Kong
Jurassic Park,Action,1993,7.6,127,5,United States of America
Wyatt Earp,Drama,1994,6.5,191,2,United States of America
Clear and Present Danger,Action,1994,6.4,141,2,United States of America
Dragon Blade,Action,2015,5.9,127,1,Hong Kong
Little Man,Comedy,2006,5.3,98,1,United States of America
U-571,Action,2000,6.1,116,2,France
The American President,Comedy,1995,6.5,106,1,United States of America
The Love Guru,Comedy,2008,4.3,87,2,United States of America
3000 Miles to Graceland,Action,2001,5.8,125,1,United States of America
The Hateful Eight,Thriller,2015,7.6,167,8,United States of America
Blades of Glory,Action,2007,5.9,93,2,United States of America
Hop,Comedy,2011,5.5,95,2,United Kingdom
300,Action,2006,7.0,117,7,United States of America
Meet the Fockers,Comedy,2004,6.1,115,4,United States of America
Marley & Me,Comedy,2008,6.9,115,4,United States of America
The Green Mile,Drama,1999,8.2,189,12,United States of America
Wild Hogs,Action,2007,5.6,100,4,United States of America
Chicken Little,Comedy,2005,5.6,81,5,United States of America
Gone Girl,Thriller,2014,7.9,145,16,United States of America
The Bourne Identity,Action,2002,7.3,119,10,United States of America
GoldenEye,Action,1995,6.6,130,7,United Kingdom
The General's Daughter,Thriller,1999,6.1,116,2,Germany
The Truman Show,Comedy,1998,7.8,103,6,United States of America
The Prince of Egypt,Action,1998,6.8,99,3,United States of America
Daddy Day Care,Comedy,2003,5.6,92,2,United States of America
2 Guns,Action,2013,6.6,109,5,United States of America
Cats & Dogs,Comedy,2001,5.0,87,2,United States of America
The Italian Job,Action,2003,6.6,110,7,United Kingdom
Two Weeks Notice,Romance,2002,5.9,101,3,Australia
Antz,Action,1998,6.0,83,5,United States of America
Couples Retreat,Comedy,2009,5.3,113,3,United States of America
Days of Thunder,Action,1990,5.9,107,2,United States of America
Cheaper by the Dozen 2,Comedy,2005,5.7,94,2,United States of America
Maze Runner: The Scorch Trials,Action,2015,6.4,132,13,United States of America
Eat Pray Love,Drama,2010,5.8,133,3,United States of America
The Family Man,Comedy,2000,6.5,125,2,United States of America
RED,Action,2010,6.6,111,5,United States of America
Any Given Sunday,Drama,1999,6.8,163,3,United States of America
The Horse Whisperer,Drama,1998,6.7,170,1,United States of America
Collateral,Drama,2004,7.0,120,5,United States of America
The Scorpion King,Action,2002,5.3,92,4,United States of America
Ladder 49,Drama,2004,6.2,115,1,United States of America
Jack Reacher,Thriller,2012,6.3,130,6,United States of America
Deep Blue Sea,Action,1999,5.6,105,3,Australia
This Is It,Comedy,2009,6.7,111,2,United States of America
Contagion,Drama,2011,6.2,106,4,United States of America
Kangaroo Jack,Comedy,2003,4.3,89,1,Australia
Coraline,Comedy,2009,7.3,100,6,United States of America
The Happening,Thriller,2008,4.9,91,2,United States of America
Man on Fire,Action,2004,7.3,146,5,United Kingdom
The Shaggy Dog,Comedy,2006,4.5,98,1,United States of America
Starsky & Hutch,Comedy,2004,5.6,101,3,United States of America
Jingle All the Way,Comedy,1996,5.5,89,3,United States of America
Hellboy,Drama,2004,6.5,122,5,United States of America
A Civil Action,Drama,1998,6.1,115,1,United States of America
ParaNorman,Comedy,2012,6.7,90,5,United States of America
The Jackal,Action,1997,6.1,124,2,United States of America
Paycheck,Action,2003,5.9,119,3,Canada
Up Close & Personal,Drama,1996,5.9,119,1,United States of America
The Tale of Despereaux,Action,2008,5.8,93,2,United Kingdom
The Tuxedo,Thriller,2002,5.3,98,2,United States of America
Under Siege 2: Dark Territory,Action,1995,5.6,100,1,United States of America
Jack Ryan: Shadow Recruit,Action,2014,5.9,105,5,Russia
Joy,Drama,2015,6.4,124,3,United States of America
London Has Fallen,Action,2016,5.8,99,7,Bulgaria
Alien: Resurrection,Sci-Fi,1997,5.9,109,4,United States of America
Shooter,Action,2007,6.9,124,4,United States of America
The Boxtrolls,Comedy,2014,6.6,97,4,United States of America
Practical Magic,Drama,1998,6.3,104,2,United States of America
The Lego Movie,Action,2014,7.5,100,7,United States of America
Miss Congeniality 2: Armed and Fabulous,Action,2005,5.3,115,2,United States of America
Reign of Fire,Action,2002,6.0,101,3,Ireland
Gangster Squad,Thriller,2013,6.2,113,3,United States of America
Year One,Comedy,2009,4.6,97,3,United States of America
Invictus,Drama,2009,7.0,134,3,United States of America
State of Play,Action,2009,6.7,127,2,France
Duplicity,Romance,2009,5.7,125,2,Germany
My Favorite Martian,Comedy,1999,5.1,94,1,United States of America
The Sentinel,Action,2006,5.8,108,2,United States of America
Planet 51,Sci-Fi,2009,5.6,91,3,Spain
Star Trek: Nemesis,Sci-Fi,2002,6.1,117,2,United States of America
Intolerable Cruelty,Thriller,2003,5.8,100,3,United States of America
Trouble with the Curve,Drama,2012,6.6,111,2,United States of America
Edge of Darkness,Thriller,2010,6.2,117,3,United Kingdom
The Relic,Horror,1997,5.8,110,1,Germany
Analyze That,Comedy,2002,5.7,96,2,Australia
Righteous Kill,Action,2008,5.9,101,2,United States of America
Mercury Rising,Action,1998,6.0,111,2,United States of America
The Soloist,Drama,2009,6.6,109,2,United States of America
The Legend of Bagger Vance,Drama,2000,6.3,126,2,United States of America
Almost Famous,Drama,2000,7.4,122,2,United States of America
Garfield: A Tail of Two Kitties,Comedy,2006,5.1,78,2,United Kingdom
xXx: State of the Union,Action,2005,4.7,101,4,United States of America
Priest,Action,2011,5.4,87,3,United States of America
Sinbad: Legend of the Seven Seas,Comedy,2003,6.6,86,2,United States of America
Event Horizon,Horror,1997,6.5,96,3,United Kingdom
Dragonfly,Drama,2002,6.1,104,1,Germany
The Black Dahlia,Drama,2006,5.7,121,2,France
Flyboys,Action,2006,6.3,140,2,United Kingdom
The Last Castle,Action,2001,7.0,131,2,United States of America
Supernova,Horror,2000,4.9,91,1,Switzerland
Winter's Tale,Drama,2014,6.0,118,3,United States of America
The Mortal Instruments: City of Bones,Action,2013,6.2,130,5,United States of America
Meet Dave,Comedy,2008,5.0,90,2,United States of America
Dark Water,Drama,2005,5.3,105,2,United States of America
Edtv,Comedy,1999,5.7,122,2,United States of America
Inkheart,Action,2008,6.0,106,3,Germany
The Spirit,Action,2008,4.7,103,2,United States of America
Mortdecai,Comedy,2015,5.4,106,6,United States of America
In the Name of the King: A Dungeon Siege Tale,Action,2007,4.1,127,2,Canada
Beyond Borders,Drama,2003,6.7,127,1,Germany
The Monkey King 2,Action,2016,6.0,120,1,Hong Kong
The Great Raid,Action,2005,6.8,132,1,United States of America
Deadpool,Action,2016,7.4,108,59,United States of America
Holy Man,Drama,1998,4.9,114,1,United States of America
American Sniper,Drama,2014,7.4,133,10,United States of America
Goosebumps,Action,2015,6.2,103,5,Australia
Just Like Heaven,Comedy,2005,6.5,95,2,United States of America
The Flintstones in Viva Rock Vegas,Sci-Fi,2000,4.4,90,1,United States of America
Rambo III,Action,1988,5.7,102,4,United States of America
Leatherheads,Comedy,2008,5.7,114,1,Germany
The Ridiculous 6,Comedy,2015,4.9,119,2,United States of America
Did You Hear About the Morgans?,Comedy,2009,5.1,103,2,United States of America
The Internship,Comedy,2013,6.1,119,1,United States of America
Resident Evil: Afterlife,Action,2010,5.8,97,1,Germany
Red Tails,Drama,2012,5.9,125,1,United States of America
The Devil's Advocate,Drama,1997,7.2,144,4,Germany
That's My Boy,Comedy,2012,5.5,116,2,United States of America
DragonHeart,Drama,1996,6.4,103,4,United States of America
After the Sunset,Action,2004,6.0,97,2,United States of America
Ghost Rider: Spirit of Vengeance,Action,2011,4.7,95,6,United Arab Emirates
Captain Corelli's Mandolin,Drama,2001,5.5,131,1,United Kingdom
The Pacifier,Action,2005,5.8,95,4,Canada
Walking Tall,Action,2004,6.0,86,3,United States of America
Forrest Gump,Comedy,1994,8.2,142,16,United States of America
Alvin and the Chipmunks,Comedy,2007,5.5,92,5,United States of America
Meet the Parents,Comedy,2000,6.6,108,3,United States of America
Pocahontas,Action,1995,6.7,81,5,United States of America
Superman,Action,1978,6.9,143,6,United Kingdom
The Nutty Professor,Drama,1996,5.4,95,2,United States of America
Hitch,Comedy,2005,6.4,118,4,United States of America
George of the Jungle,Action,1997,5.4,92,3,United States of America
American Wedding,Comedy,2003,6.0,103,4,United States of America
Captain Phillips,Action,2013,7.6,134,6,United States of America
Date Night,Comedy,2010,5.9,97,4,United States of America
Casper,Drama,1995,6.0,100,2,United States of America
The Equalizer,Thriller,2014,7.1,132,9,United States of America
Maid in Manhattan,Comedy,2002,5.6,105,2,United States of America
Crimson Tide,Action,1995,7.0,116,2,United States of America
The Pursuit of Happyness,Drama,2006,7.7,117,9,United States of America
Flightplan,Thriller,2005,6.1,98,4,United States of America
Disclosure,Drama,1994,5.9,123,2,United States of America
City of Angels,Drama,1998,6.4,114,2,United States of America
Kill Bill: Vol. 1,Action,2003,7.7,111,9,United States of America
Bowfinger,Comedy,1999,6.0,97,2,United States of America
Kill Bill: Vol. 2,Action,2004,7.6,136,6,United States of America
Tango & Cash,Action,1989,6.1,104,3,United States of America
Death Becomes Her,Drama,1992,6.3,104,3,United States of America
Shanghai Noon,Action,2000,6.2,110,3,Hong Kong
Executive Decision,Action,1996,5.8,133,2,United States of America
Mr. Popper's Penguins,Comedy,2011,5.7,94,4,United States of America
The Forbidden Kingdom,Action,2008,6.3,104,2,China
Free Birds,Comedy,2013,5.7,91,2,United States of America
Alien³,Sci-Fi,1992,6.2,114,5,United Kingdom
Evita,Drama,1996,5.9,134,1,United States of America
Ronin,Action,1998,6.7,122,4,France
The Ghost and the Darkness,Action,1996,6.4,109,1,Germany
Paddington,Comedy,2014,7.0,95,5,United Kingdom
The Watch,Comedy,2012,5.3,98,4,United States of America
The Hunted,Drama,2003,6.0,94,1,United States of America
Instinct,Drama,1999,6.2,126,1,United States of America
Stuck on You,Comedy,2003,5.1,118,1,United States of America
Semi-Pro,Comedy,2008,5.4,91,1,United States of America
The Pirates! In an Adventure with Scientists!,Comedy,2012,6.4,88,3,United Kingdom
Changeling,Thriller,2008,7.3,141,3,United States of America
Chain Reaction,Action,1996,5.3,107,2,United States of America
The Fan,Drama,1996,5.7,116,1,United States of America
The Phantom of the Opera,Thriller,2004,7.0,143,2,United Kingdom
Elizabeth: The Golden Age,Drama,2007,6.6,114,2,United Kingdom
Æon Flux,Action,2005,5.4,93,3,United States of America
Gods and Generals,Drama,2003,6.1,214,1,United States of America
Turbulence,Action,1997,5.2,100,1,United States of America
Imagine That,Comedy,2009,5.7,107,1,United States of America
Muppets Most Wanted,Comedy,2014,6.2,112,2,United States of America
Thunderbirds,Action,2004,4.2,95,1,United Kingdom
Burlesque,Drama,2010,6.9,119,3,United States of America
A Very Long Engagement,Drama,2004,7.1,133,3,France
Lolita,Drama,1962,7.3,153,3,United Kingdom
D-Tox,Action,2002,5.3,96,1,United States of America
Blade II,Drama,2002,6.2,117,8,Germany
Seven Pounds,Drama,2008,7.5,123,5,United States of America
Bullet to the Head,Action,2013,5.2,92,3,Switzerland
The Godfather: Part III,Thriller,1990,7.1,162,7,Italy
Elizabethtown,Comedy,2005,6.1,123,3,United States of America
"You, Me and Dupree",Comedy,2006,5.4,108,2,United States of America
Superman II,Action,1980,6.5,127,3,United Kingdom
Gigli,Drama,2003,3.5,121,1,United States of America
All the King's Men,Drama,2006,5.7,125,1,United States of America
Shaft,Action,2000,5.5,99,2,Germany
Anastasia,Comedy,1997,7.4,94,5,United States of America
Moulin Rouge!,Drama,2001,7.4,127,7,Australia
Domestic Disturbance,Thriller,2001,5.4,89,1,United States of America
Black Mass,Thriller,2015,6.3,122,5,United Kingdom
Flags of Our Fathers,Drama,2006,6.7,132,3,United States of America
Law Abiding Citizen,Drama,2009,7.2,109,6,United States of America
Grindhouse,Thriller,2007,6.8,191,2,United States of America
Beloved,Drama,1998,5.9,172,1,United States of America
Lucky You,Drama,2007,5.4,124,1,United States of America
Catch Me If You Can,Drama,2002,7.7,141,8,United States of America
Zero Dark Thirty,Thriller,2012,6.7,157,4,United States of America
The Break-Up,Romance,2006,5.6,106,3,United States of America
Mamma Mia!,Comedy,2008,6.4,108,4,Germany
Valentine's Day,Comedy,2010,5.7,125,3,United States of America
The Dukes of Hazzard,Action,2005,5.1,104,2,United States of America
The Thin Red Line,Drama,1998,7.2,170,5,Canada
The Change-Up,Comedy,2011,5.9,112,4,United States of America
Man on the Moon,Comedy,1999,6.9,118,3,United States of America
Casino,Drama,1995,7.8,178,5,France
From Paris with Love,Action,2010,6.1,92,3,United Kingdom
Bulletproof Monk,Action,2003,5.1,104,2,United States of America
"Me, Myself & Irene",Comedy,2000,6.1,116,4,United States of America
Barnyard,Comedy,2006,5.3,90,1,Germany
Deck the Halls,Comedy,2006,5.1,93,1,United States of America
The Twilight Saga: New Moon,Action,2009,5.6,130,11,United States of America
Shrek,Action,2001,7.3,90,8,United States of America
The Adjustment Bureau,Sci-Fi,2011,6.5,106,3,United States of America
Robin Hood: Prince of Thieves,Action,1991,6.6,143,3,United States of America
Jerry Maguire,Comedy,1996,6.7,139,3,United States of America
Ted,Comedy,2012,6.3,106,8,United States of America
As Good as It Gets,Comedy,1997,7.2,139,4,United States of America
Patch Adams,Comedy,1998,7.0,115,4,United States of America
Anchorman 2: The Legend Continues,Comedy,2013,6.0,119,4,United States of America
Mr. Deeds,Comedy,2002,5.6,96,2,United States of America
Super 8,Thriller,2011,6.6,112,4,United States of America
Erin Brockovich,Drama,2000,7.1,131,3,United States of America
How to Lose a Guy in 10 Days,Comedy,2003,6.3,116,3,Germany
22 Jump Street,Thriller,2014,7.0,112,6,United States of America
Interview with the Vampire,Horror,1994,7.2,123,6,United States of America
Yes Man,Comedy,2008,6.4,104,5,United States of America
Central Intelligence,Action,2016,6.2,107,5,United States of America
Stepmom,Drama,1998,6.9,124,2,United States of America
Daddy's Home,Comedy,2015,5.8,96,4,United States of America
Into the Woods,Drama,2014,5.6,125,8,United States of America
Inside Man,Thriller,2006,7.3,129,5,United States of America
Payback,Drama,1999,6.7,100,2,United States of America
Congo,Action,1995,5.0,109,1,United States of America
We Bought a Zoo,Drama,2011,6.5,124,4,United States of America
Knowing,Action,2009,5.9,121,4,United Kingdom
Failure to Launch,Comedy,2006,5.5,97,2,United States of America
The Ring Two,Drama,2005,5.4,110,4,United States of America
"Crazy, Stupid, Love.",Comedy,2011,7.0,118,4,United States of America
Garfield,Comedy,2004,5.2,80,2,United States of America
Christmas with the Kranks,Comedy,2004,5.2,99,1,United States of America
Moneyball,Drama,2011,7.0,133,5,United States of America
Outbreak,Action,1995,6.3,127,3,United States of America
Non-Stop,Action,2014,6.8,106,10,France
Race to Witch Mountain,Action,2009,5.5,98,3,United States of America
V for Vendetta,Action,2006,7.7,132,10,Germany
Shanghai Knights,Action,2003,6.0,115,2,Hong Kong
Curious George,Action,2006,6.2,86,1,United States of America
Herbie Fully Loaded,Comedy,2005,5.1,101,1,United States of America
Don't Say a Word,Thriller,2001,6.0,113,1,Australia
Hansel & Gretel: Witch Hunters,Drama,2013,5.7,88,6,United States of America
Unfaithful,Thriller,2002,6.3,124,2,United States of America
I Am Number Four,Action,2011,5.9,109,5,United States of America
Syriana,Drama,2005,6.3,128,2,United States of America
13 Hours: The Secret Soldiers of Benghazi,Action,2016,7.0,144,5,Malta
The Book of Life,Romance,2014,7.3,95,4,Mexico
Firewall,Thriller,2006,5.6,105,2,United States of America
Absolute Power,Thriller,1997,6.4,121,2,United States of America
G.I. Jane,Action,1997,6.0,125,2,United States of America
The Game,Drama,1997,7.5,129,7,United States of America
Silent Hill,Horror,2006,6.3,125,4,Canada
The Replacements,Comedy,2000,6.1,118,2,United States of America
American Reunion,Comedy,2012,6.1,113,5,United States of America
The Negotiator,Action,1998,6.8,140,3,Germany
Into the Storm,Action,2014,5.8,89,2,United States of America
Beverly Hills Cop III,Action,1994,5.5,104,2,United States of America
Gremlins 2: The New Batch,Comedy,1990,6.2,106,4,United States of America
The Judge,Drama,2014,7.2,141,5,United States of America
The Peacemaker,Action,1997,5.8,124,2,United States of America
Resident Evil: Apocalypse,Horror,2004,6.1,94,3,United Kingdom
Bridget Jones: The Edge of Reason,Comedy,2004,6.1,108,3,France
Out of Time,Thriller,2003,6.1,105,2,United States of America
On Deadly Ground,Action,1994,4.5,102,1,United States of America
The Adventures of Sharkboy and Lavagirl,Action,2005,4.4,92,1,United States of America
The Beach,Drama,2000,6.3,119,5,United Kingdom
Raising Helen,Drama,2004,5.9,119,2,United States of America
Ninja Assassin,Action,2009,6.2,99,2,Germany
For Love of the Game,Drama,1999,6.3,137,1,United States of America
Striptease,Drama,1996,4.4,115,1,United States of America
Marmaduke,Comedy,2010,5.0,87,1,United States of America
Hereafter,Drama,2010,5.8,129,2,United States of America
Murder by Numbers,Thriller,2002,6.0,120,2,United States of America
Assassins,Action,1995,6.0,132,3,France
Hannibal Rising,Thriller,2007,6.0,121,1,United Kingdom
The Story of Us,Comedy,1999,5.9,95,1,United States of America
The Host,Action,2013,6.0,125,5,United States of America
Basic,Action,2003,6.2,98,2,United States of America
Blood Work,Thriller,2002,6.1,110,1,United States of America
The International,Drama,2009,6.0,118,2,Germany
Escape from L.A.,Action,1996,5.6,97,2,United States of America
The Iron Giant,Action,1999,7.6,86,7,United States of America
The Life Aquatic with Steve Zissou,Action,2004,7.1,119,3,United States of America
Free State of Jones,Drama,2016,6.6,139,2,United States of America
The Life of David Gale,Drama,2003,7.3,130,3,Germany
Man of the House,Comedy,2005,5.4,100,1,United States of America
Run All Night,Action,2015,6.3,114,9,United States of America
Eastern Promises,Thriller,2007,7.2,100,4,United Kingdom
Into the Blue,Action,2005,5.8,110,2,United States of America
The Messenger: The Story of Joan of Arc,Action,1999,6.2,148,2,France
Your Highness,Comedy,2011,5.2,102,2,United States of America
Dream House,Drama,2011,5.8,84,2,Canada
Mad City,Action,1997,5.9,114,1,United States of America
Baby's Day Out,Action,1994,5.8,99,2,United States of America
The Scarlet Letter,Drama,1995,5.5,135,1,United States of America
Fair Game,Drama,2010,6.5,108,1,United States of America
Domino,Action,2005,6.0,127,2,France
Jade,Action,1995,5.2,95,1,United States of America
Gamer,Action,2009,5.6,95,3,United States of America
Beautiful Creatures,Drama,2013,5.6,124,5,United States of America
Death to Smoochy,Comedy,2002,5.9,109,1,Germany
Zoolander 2,Comedy,2016,4.7,100,4,United States of America
The Big Bounce,Comedy,2004,5.0,88,1,United States of America
What Planet Are You From?,Comedy,2000,5.4,105,1,United States of America
Drive Angry,Drama,2011,5.3,105,3,United States of America
Street Fighter: The Legend of Chun-Li,Action,2009,3.9,97,1,Canada
The One,Action,2001,5.7,87,2,United States of America
The Adventures of Ford Fairlane,Action,1990,6.2,104,1,United States of America
The Boat That Rocked,Drama,2009,7.2,116,4,Germany
Traffic,Thriller,2000,6.9,147,3,Germany
Indiana Jones and the Last Crusade,Action,1989,7.6,127,9,United States of America
Anna Karenina,Drama,2012,6.5,130,3,France
Chappie,Thriller,2015,6.6,120,13,Mexico
The Bone Collector,Drama,1999,6.5,118,4,United States of America
Panic Room,Thriller,2002,6.5,111,6,United States of America
The Tooth Fairy,Horror,2006,4.3,0,1,Unknown
Three Kings,Action,1999,6.6,114,4,United States of America
Child 44,Thriller,2015,6.1,137,5,United Kingdom
Rat Race,Action,2001,6.0,112,2,Canada
K-PAX,Drama,2001,7.1,120,4,Germany
Kate & Leopold,Comedy,2001,6.0,118,1,United States of America
Bedazzled,Drama,2000,5.6,93,2,United States of America
The Cotton Club,Comedy,1984,6.6,127,1,United States of America
3:10 to Yuma,Drama,2007,6.9,122,6,United States of America
Taken 3,Thriller,2014,6.1,109,10,France
Out of Sight,Romance,1998,6.5,123,2,United States of America
The Cable Guy,Comedy,1996,5.7,96,2,United States of America
Earth,Drama,1998,6.6,101,1,Canada
Dick Tracy,Action,1990,5.9,103,1,United States of America
The Thomas Crown Affair,Drama,1999,6.6,113,2,United States of America
Riding in Cars with Boys,Comedy,2001,6.5,132,1,United States of America
First Blood,Action,1982,7.2,93,7,United States of America
Solaris,Drama,1972,7.7,167,3,Russia
Happily N'Ever After,Comedy,2006,4.6,75,1,Germany
Mary Reilly,Drama,1996,5.7,104,1,United States of America
My Best Friend's Wedding,Comedy,1997,6.3,105,2,United States of America
America's Sweethearts,Comedy,2001,5.5,102,1,United States of America
Insomnia,Thriller,2002,6.8,118,5,United States of America
Star Trek: First Contact,Sci-Fi,1996,7.0,111,3,United States of America
Jonah Hex,Action,2010,4.4,80,3,United States of America
Courage Under Fire,Drama,1996,6.2,117,1,United States of America
Liar Liar,Comedy,1997,6.4,86,3,United States of America
The Infiltrator,Thriller,2016,6.6,127,3,United Kingdom
Inchon,Drama,1981,6.5,140,1,South Korea
The Flintstones,Drama,1994,5.0,91,3,United States of America
Taken 2,Action,2012,6.1,91,6,France
Scary Movie 3,Comedy,2003,5.8,84,4,United States of America
Miss Congeniality,Comedy,2000,6.1,111,4,United States of America
Journey to the Center of the Earth,Action,2008,5.8,93,6,United States of America
The Princess Diaries 2: Royal Engagement,Comedy,2004,6.0,113,3,United States of America
The Pelican Brief,Drama,1993,6.3,141,2,United States of America
The Client,Drama,1994,6.4,119,2,United States of America
The Bucket List,Drama,2007,7.0,97,4,United States of America
Patriot Games,Drama,1992,6.3,117,2,United States of America
Monster-in-Law,Romance,2005,5.6,101,1,United States of America
Prisoners,Drama,2013,7.9,153,10,United States of America
Training Day,Action,2001,7.3,122,6,Australia
Galaxy Quest,Comedy,1999,6.9,102,4,United States of America
Scary Movie 2,Comedy,2001,5.4,83,4,Canada
The Muppets,Comedy,2011,6.5,103,2,United States of America
Blade,Horror,1998,6.5,120,5,United States of America
Coach Carter,Drama,2005,7.3,136,3,Germany
Changing Lanes,Action,2002,5.9,89,2,United States of America
Anaconda,Action,1997,4.7,89,3,Brazil
Coyote Ugly,Comedy,2000,5.8,100,3,United States of America
Love Actually,Comedy,2003,7.0,135,4,United Kingdom
A Bug's Life,Action,1998,6.8,95,10,United States of America
From Hell,Horror,2001,6.6,122,3,Czech Republic
The Specialist,Action,1994,5.5,110,2,Peru
Tin Cup,Comedy,1996,5.9,135,1,United States of America
"Yours, Mine and Ours",Comedy,1968,6.2,111,1,United States of America
Kicking & Screaming,Romance,2005,5.6,95,1,United States of America
The Hitchhiker's Guide to the Galaxy,Action,2005,6.6,109,6,United States of America
Fat Albert,Comedy,2004,4.3,93,1,United States of America
Resident Evil: Extinction,Horror,2007,6.1,94,1,Australia
Blended,Comedy,2014,6.6,117,5,United States of America
Last Holiday,Action,2006,6.4,112,1,United States of America
The River Wild,Action,1994,6.1,111,1,United States of America
The Indian in the Cupboard,Action,1995,5.9,96,1,United States of America
Savages,Thriller,2012,6.2,131,4,United States of America
Cellular,Action,2004,6.1,94,3,Germany
Johnny English,Action,2003,6.0,88,3,France
The Ant Bully,Drama,2006,5.5,88,2,United States of America
Dune,Action,1984,6.5,137,3,United States of America
Across the Universe,Action,2007,7.1,133,1,United States of America
Revolutionary Road,Drama,2008,6.7,119,2,United Kingdom
16 Blocks,Action,2006,6.2,105,4,United States of America
Babylon A.D.,Action,2008,5.4,101,3,France
The Glimmer Man,Action,1996,4.7,92,1,United States of America
Multiplicity,Comedy,1996,5.5,117,1,United States of America
Aliens in the Attic,Action,2009,5.3,86,2,Canada
The Pledge,Thriller,2001,6.5,123,1,United States of America
The Producers,Comedy,2005,6.1,134,1,United States of America
The Phantom,Action,1996,4.7,100,1,Australia
All the Pretty Horses,Drama,2000,5.8,117,1,United States of America
Nixon,Drama,1995,7.1,192,1,United States of America
The Ghost Writer,Thriller,2010,6.7,128,2,Germany
Deep Rising,Action,1998,6.0,106,1,Canada
Miracle at St. Anna,Drama,2008,6.3,160,1,Italy
Curse of the Golden Flower,Action,2006,6.6,114,1,China
Bangkok Dangerous,Action,2008,5.0,99,2,United States of America
Big Trouble,Action,2002,6.3,85,1,United States of America
Love in the Time of Cholera,Drama,2007,6.4,139,1,United States of America
Shadow Conspiracy,Action,1997,4.0,103,1,United States of America
Johnny English Reborn,Thriller,2011,6.0,101,4,United Kingdom
Foodfight!,Comedy,2012,2.3,87,1,United States of America
Argo,Drama,2012,7.1,120,7,United States of America
The Fugitive,Action,1993,7.2,130,6,United States of America
The Bounty Hunter,Action,2010,5.5,110,4,United States of America
Sleepers,Thriller,1996,7.3,147,2,United States of America
Rambo: First Blood Part II,Action,1985,6.3,96,4,United States of America
The Juror,Drama,1996,5.5,118,1,United States of America
Pinocchio,Comedy,1940,6.9,88,5,United States of America
Heaven's Gate,Action,1980,6.4,219,1,United States of America
Underworld: Evolution,Drama,2006,6.4,106,6,United States of America
Victor Frankenstein,Drama,2015,5.6,109,3,United Kingdom
Finding Forrester,Drama,2000,7.0,136,2,United States of America
28 Days,Comedy,2000,6.0,103,1,United States of America
Unleashed,Action,2005,6.6,103,3,France
The Sweetest Thing,Romance,2002,5.3,84,2,United States of America
The Firm,Drama,1993,6.6,154,3,United States of America
Charlie St. Cloud,Drama,2010,6.8,99,2,United States of America
The Mechanic,Action,2011,6.3,93,5,United States of America
21 Jump Street,Action,2012,6.7,109,7,United States of America
Notting Hill,Romance,1999,7.0,124,3,United Kingdom
Chicken Run,Comedy,2000,6.5,84,4,United Kingdom
Along Came Polly,Comedy,2004,5.8,90,4,United States of America
Boomerang,Comedy,1992,5.4,117,1,United States of America
The Heat,Action,2013,6.5,117,4,United States of America
Cleopatra,Drama,1963,6.7,248,2,United Kingdom
Here Comes the Boom,Comedy,2012,6.0,105,3,United States of America
High Crimes,Drama,2002,6.1,115,2,United States of America
The Mirror Has Two Faces,Comedy,1996,6.5,126,1,United States of America
The Mothman Prophecies,Drama,2002,6.1,119,2,United States of America
Brüno,Comedy,2009,5.4,83,2,United States of America
Licence to Kill,Action,1989,5.9,133,3,United Kingdom
Red Riding Hood,Drama,2011,5.6,100,5,Canada
15 Minutes,Action,2001,5.7,120,2,Germany
Super Mario Bros.,Action,1993,4.0,104,2,United Kingdom
Lord of War,Thriller,2005,7.0,122,4,France
Hero,Drama,2002,7.2,99,3,China
One for the Money,Action,2012,5.3,91,2,United States of America
The Interview,Action,2014,6.1,112,8,United States of America
The Warrior's Way,Action,2010,6.3,100,1,New Zealand
Micmacs,Action,2009,6.8,100,1,France
8 Mile,Drama,2002,6.8,110,4,United States of America
Why I Did (Not) Eat My Father,Action,2015,5.3,100,1,France
A Knight's Tale,Action,2001,6.6,132,4,United States of America
The Medallion,Thriller,2003,5.3,88,2,Hong Kong
The Sixth Sense,Thriller,1999,7.7,107,8,United States of America
Man on a Ledge,Action,2012,6.2,102,4,United States of America
The Big Year,Comedy,2011,5.6,100,1,United States of America
The Karate Kid,Drama,1984,6.9,126,3,United States of America
American Hustle,Drama,2013,6.8,138,6,United States of America
The Proposal,Comedy,2009,6.7,108,4,United States of America
Double Jeopardy,Thriller,1999,6.2,105,2,Canada
Back to the Future Part II,Action,1989,7.4,108,5,United States of America
Lucy,Action,2014,6.3,89,13,France
Fifty Shades of Grey,Drama,2015,5.2,125,11,United States of America
Spy Kids 3-D: Game Over,Action,2003,4.7,84,3,United States of America
A Time to Kill,Thriller,1996,7.0,149,3,United States of America
Cheaper by the Dozen,Comedy,2003,6.0,98,3,United States of America
Lone Survivor,Action,2013,7.4,121,4,United States of America
A League of Their Own,Comedy,1992,6.7,128,2,United States of America
The Conjuring 2,Horror,2016,7.0,134,8,Canada
The Social Network,Drama,2010,7.1,120,8,United States of America
He's Just Not That Into You,Comedy,2009,6.2,129,3,Netherlands
Scary Movie 4,Comedy,2006,5.3,83,4,United States of America
Scream 3,Horror,2000,5.7,116,3,United States of America
Back to the Future Part III,Action,1990,7.1,118,5,United States of America
Get Hard,Comedy,2015,5.9,100,4,United States of America
Dracula,Romance,1992,7.1,128,5,United States of America
Julie & Julia,Romance,2009,6.6,123,3,United States of America
42,Drama,2013,6.8,128,4,United States of America
The Talented Mr. Ripley,Thriller,1999,7.0,139,4,United States of America
Dumb and Dumber To,Comedy,2014,5.4,110,8,United States of America
Eight Below,Action,2006,6.7,120,3,United States of America
The Intern,Comedy,2015,7.1,121,6,United States of America
Ride Along 2,Action,2016,6.1,102,3,United States of America
The Last of the Mohicans,Action,1992,7.1,112,4,United States of America
Ray,Drama,2004,7.2,152,2,United States of America
Sin City,Action,2005,7.2,124,8,United States of America
Vantage Point,Drama,2008,6.2,90,3,United States of America
"I Love You, Man",Comedy,2009,6.5,105,3,United States of America
Shallow Hal,Comedy,2001,5.7,114,3,United States of America
JFK,Drama,1991,7.5,189,3,United States of America
Big Momma's House 2,Comedy,2006,5.4,99,2,United States of America
The Mexican,Action,2001,5.8,123,2,Mexico
17 Again,Comedy,2009,6.1,102,6,United States of America
The Other Woman,Comedy,2014,6.2,109,4,United States of America
The Final Destination,Horror,2009,5.4,82,4,United States of America
Bridge of Spies,Thriller,2015,7.2,141,6,India
Behind Enemy Lines,Action,2001,6.0,106,3,United States of America
Get Him to the Greek,Comedy,2010,5.9,109,2,United States of America
Shall We Dance?,Drama,2004,5.9,107,2,United States of America
Small Soldiers,Comedy,1998,6.2,110,3,United States of America
Spawn,Action,1997,5.0,96,2,United States of America
The Count of Monte Cristo,Action,2002,7.3,131,3,United States of America
The Lincoln Lawyer,Thriller,2011,7.0,119,3,United States of America
Unknown,Action,2011,6.5,113,4,France
The Prestige,Drama,2006,8.0,130,9,United States of America
Horrible Bosses 2,Comedy,2014,6.1,108,9,United States of America
Escape from Planet Earth,Comedy,2013,5.7,89,2,Canada
Apocalypto,Action,2006,7.3,139,5,United States of America
The Living Daylights,Action,1987,6.2,130,3,United Kingdom
Predators,Action,2010,6.0,107,5,United States of America
Legal Eagles,Comedy,1986,5.8,116,1,United States of America
Secret Window,Thriller,2004,6.4,96,4,United States of America
The Lake House,Romance,2006,6.5,99,3,United States of America
The Skeleton Key,Drama,2005,6.4,104,3,Germany
The Odd Life of Timothy Green,Drama,2012,6.5,105,2,United States of America
Made of Honor,Comedy,2008,6.0,101,2,United Kingdom
Jersey Boys,Comedy,2014,6.8,134,2,United States of America
The Rainmaker,Drama,1997,6.7,135,1,United States of America
Gothika,Horror,2003,5.8,98,3,United States of America
Amistad,Drama,1997,6.8,155,1,United States of America
Medicine Man,Action,1992,5.8,106,1,United States of America
Aliens vs Predator: Requiem,Drama,2007,4.9,94,4,United States of America
Ri¢hie Ri¢h,Comedy,1994,5.4,95,2,United States of America
Autumn in New York,Drama,2000,5.7,103,1,United States of America
Music and Lyrics,Comedy,2007,6.2,96,2,United States of America
Paul,Action,2011,6.5,104,5,United States of America
The Guilt Trip,Comedy,2012,5.4,95,2,United States of America
Scream 4,Horror,2011,6.1,111,4,United States of America
8MM,Thriller,1999,6.1,123,3,United States of America
The Doors,Drama,1991,6.7,140,1,United States of America
Sex Tape,Comedy,2014,5.3,97,8,United States of America
Hanging Up,Comedy,2000,5.0,94,1,Germany
Final Destination 5,Horror,2011,5.9,92,4,United States of America
Mickey Blue Eyes,Comedy,1999,5.3,102,1,United Kingdom
Pay It Forward,Drama,2000,7.0,122,3,United States of America
Fever Pitch,Comedy,2005,5.9,103,1,Germany
Drillbit Taylor,Comedy,2008,5.5,102,2,United States of America
A Million Ways to Die in the West,Comedy,2014,5.8,116,4,United States of America
The Shadow,Action,1994,5.4,108,1,United States of America
Extremely Loud & Incredibly Close,Drama,2011,6.9,129,4,United States of America
Morning Glory,Comedy,2010,6.1,102,3,United States of America
Get Rich or Die Tryin',Drama,2005,6.3,117,1,United States of America
The Art of War,Thriller,2000,5.6,117,1,Canada
Rent,Drama,2005,6.7,135,1,United States of America
Bless the Child,Drama,2000,4.9,107,1,United States of America
The Out-of-Towners,Comedy,1999,5.0,90,1,United States of America
The Island of Dr. Moreau,Drama,1996,4.6,96,2,United States of America
The Musketeer,Action,2001,5.2,104,1,United Kingdom
The Other Boleyn Girl,Drama,2008,6.4,115,3,United Kingdom
Sweet November,Drama,2001,6.4,119,2,United States of America
The Reaping,Horror,2007,5.4,99,2,United States of America
Mean Streets,Drama,1973,7.2,110,2,United States of America
Renaissance Man,Comedy,1994,5.9,128,1,Canada
Colombiana,Action,2011,6.5,108,4,France
Quest for Camelot,Drama,1998,6.9,86,2,United States of America
City By The Sea,Thriller,2002,5.7,108,1,United States of America
At First Sight,Drama,1999,5.9,128,1,United States of America
Torque,Action,2004,4.7,84,1,Australia
City Hall,Drama,1996,6.0,111,1,United States of America
Showgirls,Drama,1995,4.9,128,2,France
Marie Antoinette,Drama,2006,6.5,123,3,France
Kiss of Death,Action,1995,5.7,101,1,United States of America
Get Carter,Action,2000,4.8,102,1,United States of America
The Impossible,Thriller,2012,7.0,113,5,United States of America
Ishtar,Action,1987,4.2,107,1,United States of America
Fantastic Mr. Fox,Action,2009,7.5,87,5,United States of America
Life or Something Like It,Comedy,2002,5.7,103,1,Canada
Memoirs of an Invisible Man,Comedy,1992,5.7,99,1,France
Amélie,Comedy,2001,7.8,122,8,France
New York Minute,Comedy,2004,5.5,91,1,United States of America
Alfie,Comedy,2004,5.6,103,2,United Kingdom
Big Miracle,Action,2012,6.6,107,1,United Kingdom
The Deep End of the Ocean,Drama,1999,5.9,106,1,United States of America
FearDotCom,Horror,2002,3.2,101,1,Germany
Cirque du Freak: The Vampire's Assistant,Action,2009,5.5,109,2,United States of America
Duplex,Action,2003,5.9,89,2,Germany
Soul Men,Comedy,2008,6.3,103,1,United States of America
Raise the Titanic,Action,1980,5.2,115,1,United Kingdom
Universal Soldier: The Return,Action,1999,4.2,82,2,United States of America
Pandorum,Action,2009,6.5,108,3,Germany
Impostor,Action,2001,6.1,102,1,United States of America
Extreme Ops,Action,2002,5.0,93,1,United States of America
Just Visiting,Comedy,2001,4.8,88,1,France
Sunshine,Sci-Fi,2007,7.0,107,6,United Kingdom
A Thousand Words,Drama,2012,6.0,91,1,United States of America
Delgo,Action,2008,5.4,94,1,United States of America
The Gunman,Action,2015,5.5,115,3,France
Stormbreaker,Action,2006,5.1,93,2,Germany
Disturbia,Thriller,2007,6.6,105,4,United States of America
Hackers,Action,1995,6.2,107,2,United States of America
The Hunting Party,Action,2007,6.6,101,1,Bosnia and Herzegovina
The Hudsucker Proxy,Comedy,1994,7.1,111,2,Germany
The Warlords,Action,2007,6.3,126,1,China
Nomad: The Warrior,Action,2005,4.3,112,1,France
Snowpiercer,Action,2013,6.7,126,7,South Korea
A Monster in Paris,Action,2011,6.5,90,2,France
The Last Shot,Action,2004,5.9,90,1,United States of America
The Crow,Drama,1994,7.3,102,5,United States of America
Baahubali: The Beginning,Action,2015,7.5,159,2,India
The Time Traveler's Wife,Drama,2009,6.7,107,4,United States of America
Because I Said So,Comedy,2007,5.8,102,2,United States of America
Frankenweenie,Comedy,2012,6.6,87,3,United States of America
Serenity,Sci-Fi,2005,7.4,119,5,United States of America
Against the Ropes,Romance,2004,4.5,106,1,Germany
Superman III,Comedy,1983,5.3,125,3,United Kingdom
Grudge Match,Comedy,2013,6.0,113,2,United States of America
Red Cliff,Action,2008,7.1,150,2,China
Sweet Home Alabama,Comedy,2002,6.0,108,2,United States of America
The Ugly Truth,Comedy,2009,6.4,96,3,United States of America
Sgt. Bilko,Comedy,1996,5.5,90,1,United States of America
Spy Kids 2: The Island of Lost Dreams,Action,2002,5.3,100,3,United States of America
Star Trek: Generations,Sci-Fi,1994,6.4,118,2,United States of America
The Grandmaster,Action,2013,6.3,130,2,China
Water for Elephants,Drama,2011,6.7,120,2,United States of America
Dragon Nest: Warriors' Dawn,Action,2014,6.8,88,1,China
The Hurricane,Drama,1999,7.2,146,2,United States of America
Enough,Drama,2002,6.2,114,1,United States of America
Heartbreakers,Thriller,2001,5.7,123,2,United States of America
Paul Blart: Mall Cop 2,Action,2015,5.0,94,5,United States of America
Angel Eyes,Drama,2001,5.6,102,1,United States of America
Joe Somebody,Comedy,2001,5.5,99,1,United States of America
The Ninth Gate,Horror,1999,6.3,133,3,France
Extreme Measures,Drama,1996,5.7,118,1,United States of America
Rock Star,Comedy,2001,6.0,105,1,United States of America
Precious,Drama,2009,6.9,110,2,United States of America
White Squall,Action,1996,6.3,129,1,United States of America
The Thing,Horror,1982,7.8,109,6,United States of America
Riddick,Sci-Fi,2013,6.2,119,5,United States of America
Switchback,Action,1997,5.8,118,1,United States of America
Texas Rangers,Action,2001,5.4,110,1,United States of America
City of Ember,Action,2008,6.2,90,3,United States of America
The Master,Drama,2012,7.0,137,3,United States of America
Virgin Territory,Action,2007,4.3,93,1,Luxembourg
The Express,Drama,2008,7.1,130,1,Germany
The 5th Wave,Action,2016,5.6,112,7,United States of America
Creed,Drama,2015,7.3,133,7,United States of America
The Town,Thriller,2010,7.0,125,3,United States of America
What to Expect When You're Expecting,Romance,2012,5.8,110,3,United States of America
Burn After Reading,Comedy,2008,6.5,96,4,United States of America
Nim's Island,Action,2008,5.6,96,2,United States of America
Rush,Drama,2013,7.7,123,4,Germany
Magnolia,Drama,1999,7.5,188,4,United States of America
Cop Out,Action,2010,5.3,107,3,United States of America
How to Be Single,Comedy,2016,5.9,110,5,United States of America
Dolphin Tale,Drama,2011,6.7,113,1,United States of America
Twilight,Action,2008,5.8,122,15,United States of America
John Q,Drama,2002,7.0,116,3,United States of America
Blue Streak,Action,1999,6.1,93,2,Germany
We're the Millers,Comedy,2013,6.8,110,11,United States of America
The Inhabited Island,Action,2008,5.3,115,1,Russia
Breakdown,Drama,1997,6.6,95,1,United States of America
Never Say Never Again,Action,1983,5.8,134,3,Germany
Hot Tub Time Machine,Sci-Fi,2010,6.0,101,4,United States of America
Dolphin Tale 2,Comedy,2014,6.7,107,1,United States of America
Reindeer Games,Thriller,2000,5.4,124,1,United States of America
A Man Apart,Action,2003,5.8,109,2,Germany
Aloha,Drama,2015,5.2,105,3,United States of America
Ghosts of Mississippi,Drama,1996,6.2,130,1,United States of America
Snow Falling on Cedars,Drama,1999,6.3,127,1,United States of America
The Rite,Drama,2011,5.8,114,1,United States of America
Gattaca,Thriller,1997,7.5,106,8,United States of America
Isn't She Great,Drama,2000,4.6,95,1,United States of America
Space Chimps,Comedy,2008,5.2,81,1,United States of America
Head of State,Comedy,2003,5.3,95,1,United States of America
The Hangover,Comedy,2009,7.2,100,9,Germany
Ip Man 3,Action,2015,6.5,105,2,Hong Kong
Austin Powers: The Spy Who Shagged Me,Action,1999,6.2,95,2,United States of America
Batman,Drama,1989,7.0,126,5,United Kingdom
There Be Dragons,Drama,2011,5.9,112,1,Unknown
Lethal Weapon 3,Action,1992,6.4,118,4,United States of America
The Blind Side,Drama,2009,7.2,129,3,United States of America
Spy Kids,Action,2001,5.5,88,2,United States of America
Horrible Bosses,Comedy,2011,6.5,98,6,United States of America
True Grit,Drama,2010,7.2,110,6,United States of America
The Devil Wears Prada,Comedy,2006,7.0,109,10,United States of America
Star Trek: The Motion Picture,Sci-Fi,1979,6.2,132,3,United States of America
Identity Thief,Comedy,2013,5.6,111,4,United States of America
Cape Fear,Thriller,1991,7.0,128,3,United States of America
21,Drama,2008,6.5,123,5,United States of America
Trainwreck,Comedy,2015,5.9,125,8,United States of America
Guess Who,Comedy,2005,5.5,105,1,United States of America
The English Patient,Drama,1996,7.0,162,3,United Kingdom
L.A. Confidential,Thriller,1997,7.7,138,3,United States of America
Sky High,Action,2005,5.8,100,1,United States of America
In & Out,Comedy,1997,6.3,90,1,United States of America
Species,Sci-Fi,1995,5.5,108,3,United States of America
A Nightmare on Elm Street,Horror,1984,7.2,91,4,United States of America
The Cell,Horror,2000,6.0,107,3,Germany
The Man in the Iron Mask,Action,1998,6.3,132,3,United Kingdom
Secretariat,Drama,2010,6.8,123,1,United States of America
TMNT,Action,2007,6.0,90,2,United States of America
Radio,Drama,2003,6.8,109,1,United States of America
Friends with Benefits,Romance,2011,6.5,109,5,United States of America
Neighbors 2: Sorority Rising,Comedy,2016,5.6,91,6,United States of America
Saving Mr. Banks,Comedy,2013,7.3,125,4,Australia
Malcolm X,Drama,1992,7.2,202,2,United States of America
This Is 40,Comedy,2012,5.6,134,4,United States of America
Old Dogs,Comedy,2009,5.2,88,2,United States of America
Underworld: Rise of the Lycans,Drama,2009,6.2,92,6,United States of America
License to Wed,Comedy,2007,5.2,91,2,Australia
The Benchwarmers,Comedy,2006,5.2,80,1,United States of America
Must Love Dogs,Comedy,2005,5.8,98,1,United States of America
Donnie Brasco,Thriller,1997,7.4,127,5,United States of America
Resident Evil,Horror,2002,6.4,100,5,France
Poltergeist,Horror,1982,7.0,114,4,United States of America
The Ladykillers,Comedy,2004,6.0,104,3,United States of America
Max Payne,Action,2008,5.2,100,3,United States of America
In Time,Action,2011,6.7,109,7,United States of America
The Back-Up Plan,Comedy,2010,5.7,106,2,United States of America
Something Borrowed,Comedy,2011,5.9,112,2,United States of America
Black Knight,Action,2001,5.1,95,2,United States of America
The Bad News Bears,Comedy,1976,6.9,102,1,United States of America
Street Fighter,Action,1994,4.1,102,2,Japan
The Pianist,Drama,2002,8.0,150,6,France
The Nativity Story,Drama,2006,6.4,101,1,United States of America
House of Wax,Horror,2005,5.5,113,2,United States of America
Closer,Drama,2004,6.7,104,3,United States of America
J. Edgar,Drama,2011,6.0,137,3,United States of America
Mirrors,Horror,2008,6.0,110,2,Romania
Queen of the Damned,Drama,2002,5.4,101,1,Australia
Predator 2,Sci-Fi,1990,5.9,108,3,United States of America
Untraceable,Drama,2008,5.9,101,1,United States of America
Blast from the Past,Comedy,1999,6.3,112,1,United States of America
Flash Gordon,Sci-Fi,1980,6.1,111,1,United States of America
Jersey Girl,Comedy,2004,5.8,102,2,United States of America
Alex Cross,Action,2012,5.1,101,2,United States of America
Midnight in the Garden of Good and Evil,Thriller,1997,6.3,155,1,United States of America
Heist,Thriller,2015,5.6,93,2,United States of America
Nanny McPhee and the Big Bang,Comedy,2010,6.0,109,3,United States of America
Hoffa,Thriller,1992,6.1,140,1,United States of America
The X Files: I Want to Believe,Drama,2008,5.5,104,3,Canada
Ella Enchanted,Comedy,2004,5.9,96,3,Ireland
Concussion,Drama,2015,7.0,123,4,Australia
Abduction,Thriller,2011,5.6,106,2,United States of America
Valiant,Comedy,2005,5.2,76,2,United Kingdom
Wonder Boys,Comedy,2000,6.9,111,1,Germany
Superhero Movie,Action,2008,4.9,85,2,United States of America
Broken City,Thriller,2013,5.7,109,3,United States of America
Cursed,Horror,2005,5.1,97,1,Germany
Premium Rush,Thriller,2012,6.2,91,2,United States of America
Hot Pursuit,Action,2015,5.4,87,2,United States of America
The Four Feathers,Drama,2002,6.5,132,1,United Kingdom
Parker,Action,2013,5.7,118,3,United States of America
Wimbledon,Comedy,2004,6.0,98,2,France
Furry Vengeance,Comedy,2010,4.6,92,2,United Arab Emirates
Bait,Action,2012,5.3,93,1,Singapore
Krull,Drama,1983,5.8,117,1,Spain
Lions for Lambs,Action,2007,6.0,92,1,United States of America
Flight of the Intruder,Action,1991,5.7,115,1,United States of America
Walk Hard: The Dewey Cox Story,Comedy,2007,6.6,96,1,United States of America
The Shipping News,Drama,2001,6.4,111,1,United States of America
American Outlaws,Action,2001,5.7,94,1,United States of America
The Young Victoria,Drama,2009,7.0,105,2,United Kingdom
Whiteout,Action,2009,5.3,101,2,Canada
The Tree of Life,Drama,2011,6.5,139,5,United States of America
Knock Off,Action,1998,4.7,91,1,Aruba
Sabotage,Action,2014,5.5,110,3,United States of America
The Order,Drama,2003,4.8,102,1,Germany
Punisher: War Zone,Action,2008,5.6,102,2,Canada
Zoom,Comedy,2006,4.9,83,1,United States of America
The Walk,Action,2015,6.9,123,4,United States of America
Warriors of Virtue,Drama,1997,4.7,103,1,China
A Good Year,Comedy,2006,6.5,118,2,United States of America
Radio Flyer,Drama,1992,6.6,114,1,United States of America
Bound by Honor,Action,1993,7.7,180,1,United States of America
Smilla's Sense of Snow,Action,1997,6.6,121,1,Germany
Femme Fatale,Thriller,2002,6.2,114,1,Switzerland
Lion of the Desert,Action,1981,7.4,173,1,Libyan Arab Jamahiriya
The Horseman on the Roof,Drama,1995,6.7,135,1,France
Ride with the Devil,Drama,1999,6.6,138,1,United States of America
Biutiful,Drama,2010,7.0,148,2,Mexico
Bandidas,Action,2006,5.8,93,2,United States of America
Black Water Transit,Drama,2009,6.2,100,1,United States of America
The Maze Runner,Action,2014,7.0,113,15,United States of America
Unfinished Business,Comedy,2015,5.0,91,2,United States of America
The Age of Innocence,Drama,1993,7.0,139,1,United States of America
The Fountain,Drama,2006,6.8,96,3,United States of America
Chill Factor,Action,1999,5.3,101,1,United States of America
Stolen,Action,2012,5.1,96,2,United States of America
Ponyo,Comedy,2008,7.5,100,5,Japan
The Longest Ride,Drama,2015,7.3,128,5,United States of America
The Astronaut's Wife,Drama,1999,5.4,109,2,United States of America
I Dreamed of Africa,Romance,2000,5.3,114,1,United States of America
Playing for Keeps,Comedy,2012,5.4,106,2,United States of America
Mandela: Long Walk to Freedom,Drama,2013,6.5,141,2,United Kingdom
Reds,Drama,1981,7.1,195,1,United States of America
A Few Good Men,Drama,1992,7.1,138,5,United States of America
Exit Wounds,Action,2001,5.3,101,1,Canada
Big Momma's House,Thriller,2000,5.6,98,3,Germany
Thunder and the House of Magic,Comedy,2013,6.3,85,1,Belgium
The Darkest Hour,Horror,2011,4.8,89,3,United States of America
Step Up Revolution,Comedy,2012,6.7,99,3,United States of America
Snakes on a Plane,Action,2006,5.1,105,2,United States of America
The Watcher,Thriller,2000,4.9,96,1,United States of America
The Punisher,Action,2004,6.1,124,4,Germany
Goal!: The Dream Begins,Drama,2005,6.6,118,2,United Kingdom
Safe,Action,2012,6.3,94,4,United States of America
Pushing Tin,Comedy,1999,5.7,124,1,Germany
Return of the Jedi,Action,1983,7.9,135,5,United States of America
Doomsday,Action,2008,5.8,108,2,Germany
The Reader,Drama,2008,7.2,124,4,Germany
Wanderlust,Comedy,2012,5.3,98,2,United States of America
Elf,Comedy,2003,6.4,97,2,United States of America
Phenomenon,Drama,1996,6.2,123,2,United States of America
Snow Dogs,Action,2002,5.3,99,2,Canada
Scrooged,Drama,1988,6.7,101,2,United States of America
Nacho Libre,Comedy,2006,5.6,92,2,United States of America
Bridesmaids,Comedy,2011,6.5,125,2,United States of America
This Is the End,Action,2013,6.3,107,4,United States of America
Stigmata,Horror,1999,6.0,103,2,United States of America
Men of Honor,Drama,2000,7.0,129,3,United States of America
Takers,Action,2010,6.0,107,2,United States of America
The Big Wedding,Comedy,2013,5.7,90,2,United States of America
"Big Mommas: Like Father, Like Son",Thriller,2011,5.3,107,2,United States of America
Source Code,Thriller,2011,7.1,93,7,Canada
Alive,Action,1993,6.7,120,2,United States of America
The Number 23,Thriller,2007,6.3,101,3,Germany
The Young and Prodigious T.S. Spivet,Action,2013,6.7,105,1,Canada
1941,Action,1979,5.6,113,1,United States of America
Dreamer: Inspired By a True Story,Drama,2005,6.3,106,1,Unknown
A History of Violence,Drama,2005,6.9,96,4,United States of America
Transporter 2,Action,2005,6.2,87,5,France
The Quick and the Dead,Action,1995,6.3,107,2,Japan
Laws of Attraction,Action,2004,5.6,90,1,Germany
Bringing Out the Dead,Drama,1999,6.6,121,2,United States of America
Repo Men,Action,2010,6.2,111,3,Canada
Dragon Wars: D-War,Drama,2007,4.0,90,1,South Korea
Bogus,Drama,1996,5.4,110,1,United States of America
The Incredible Burt Wonderstone,Comedy,2013,5.3,100,3,United States of America
Cats Don't Dance,Comedy,1997,7.1,75,1,United States of America
Cradle Will Rock,Drama,1999,7.2,132,1,United States of America
The Good German,Drama,2006,5.9,108,1,United States of America
George and the Dragon,Action,2004,5.0,93,1,Germany
Apocalypse Now,Drama,1979,8.0,153,6,United States of America
Going the Distance,Comedy,2010,6.0,102,2,United States of America
Mr. Holland's Opus,Comedy,1995,6.9,137,1,United States of America
Criminal,Action,2016,5.7,113,3,United Kingdom
Out of Africa,Drama,1985,7.0,161,2,United States of America
Flight,Drama,2012,6.5,138,5,United States of America
Moonraker,Action,1979,5.9,126,3,France
The Grand Budapest Hotel,Comedy,2014,8.0,99,8,United Kingdom
Hearts in Atlantis,Drama,2001,6.4,101,1,Australia
Arachnophobia,Comedy,1990,6.2,103,2,United States of America
Frequency,Thriller,2000,7.0,118,2,United States of America
Vacation,Comedy,2015,6.2,99,5,United States of America
Get Shorty,Comedy,1995,6.4,105,2,United States of America
Chicago,Action,2002,6.9,113,4,United States of America
Big Daddy,Comedy,1999,6.1,93,4,United States of America
American Pie 2,Comedy,2001,6.0,108,4,United States of America
Toy Story,Comedy,1995,7.7,81,8,United States of America
Speed,Action,1994,6.8,116,6,United States of America
The Vow,Drama,2012,7.0,104,3,United States of America
Extraordinary Measures,Drama,2010,6.0,105,1,United States of America
Remember the Titans,Drama,2000,7.4,113,3,United States of America
The Hunt for Red October,Action,1990,7.2,134,5,United States of America
The Butler,Drama,2013,7.2,132,4,United States of America
DodgeBall: A True Underdog Story,Comedy,2004,6.2,92,5,Germany
The Addams Family,Horror,1991,6.7,99,4,United States of America
Ace Ventura: When Nature Calls,Thriller,1995,6.1,90,4,United States of America
The Princess Diaries,Comedy,2001,6.5,115,5,United States of America
The First Wives Club,Comedy,1996,6.5,102,1,United States of America
Se7en,Thriller,1995,8.1,127,9,United States of America
District 9,Sci-Fi,2009,7.3,112,7,United States of America
The SpongeBob SquarePants Movie,Comedy,2004,6.7,87,3,United States of America
Mystic River,Thriller,2003,7.6,138,4,United States of America
Million Dollar Baby,Drama,2004,7.7,132,8,United States of America
Analyze This,Comedy,1999,6.4,103,3,Australia
The Notebook,Romance,2004,7.7,123,6,United States of America
27 Dresses,Comedy,2008,6.1,111,4,United States of America
Hannah Montana: The Movie,Comedy,2009,6.0,102,2,United States of America
Rugrats in Paris: The Movie,Action,2000,6.0,78,1,Germany
The Prince of Tides,Drama,1991,5.9,132,1,United States of America
Legends of the Fall,Action,1994,7.2,133,3,United States of America
Up in the Air,Drama,2009,6.7,109,4,United States of America
About Schmidt,Drama,2002,6.7,125,2,United States of America
Warm Bodies,Horror,2013,6.4,97,5,Canada
Looper,Action,2012,6.6,118,5,China
Down to Earth,Drama,2001,4.9,87,1,United States of America
Babe,Drama,1995,6.0,89,4,Australia
Hope Springs,Drama,2012,5.8,100,1,United States of America
Forgetting Sarah Marshall,Comedy,2008,6.4,111,6,United States of America
Four Brothers,Action,2005,6.7,109,3,United States of America
Baby Mama,Comedy,2008,5.8,99,1,United States of America
Hope Floats,Drama,1998,5.8,114,1,United States of America
Bride Wars,Comedy,2009,5.9,89,4,United States of America
Without a Paddle,Action,2004,5.3,95,1,United States of America
13 Going on 30,Comedy,2004,6.3,98,5,United States of America
Midnight in Paris,Drama,2011,7.4,94,5,Spain
The Nut Job,Comedy,2014,5.5,85,2,Canada
Blow,Thriller,2001,7.4,124,3,United States of America
Message in a Bottle,Romance,1999,5.8,131,1,United States of America
Star Trek V: The Final Frontier,Sci-Fi,1989,5.6,107,2,United States of America
Like Mike,Comedy,2002,5.7,99,1,United States of America
The Naked Gun 33⅓: The Final Insult,Comedy,1994,6.3,83,3,United States of America
A View to a Kill,Action,1985,6.0,131,3,France
The Curse of the Were-Rabbit,Action,2005,6.8,85,3,United Kingdom
P.S. I Love You,Drama,2007,6.9,126,3,United States of America
Racing Stripes,Comedy,2005,5.1,102,1,United States of America
Atonement,Drama,2007,7.4,123,4,United Kingdom
Letters to Juliet,Comedy,2010,6.6,105,2,United States of America
Black Rain,Action,1989,6.2,125,1,United States of America
The Three Stooges,Comedy,2012,4.9,92,2,United States of America
Corpse Bride,Romance,2005,7.2,77,5,United States of America
Glory Road,Drama,2006,7.2,118,1,United States of America
Sicario,Action,2015,7.2,121,6,United States of America
Southpaw,Action,2015,7.3,123,7,United States of America
Drag Me to Hell,Horror,2009,6.2,99,5,United States of America
The Age of Adaline,Drama,2015,7.4,112,9,United States of America
Secondhand Lions,Comedy,2003,6.9,111,2,United States of America
Step Up 3D,Drama,2010,6.6,107,3,United States of America
Blue Crush,Action,2002,5.6,104,1,Germany
Stranger Than Fiction,Comedy,2006,7.1,113,4,United States of America
30 Days of Night,Horror,2007,6.2,113,4,New Zealand
The Cabin in the Woods,Horror,2012,6.5,95,8,United States of America
Meet the Spartans,Comedy,2008,3.7,84,1,United States of America
Midnight Run,Action,1988,7.2,126,1,United States of America
The Running Man,Action,1987,6.4,101,3,United States of America
Little Shop of Horrors,Horror,1986,6.6,94,1,United States of America
Hanna,Action,2011,6.5,111,4,Germany
Mortal Kombat: Annihilation,Action,1997,3.8,95,1,United States of America
Larry Crowne,Comedy,2011,5.7,98,2,United States of America
Carrie,Drama,2013,5.8,100,7,United States of America
Take the Lead,Comedy,2006,6.6,108,1,United States of America
Gridiron Gang,Action,2006,6.5,125,1,United States of America
What's the Worst That Could Happen?,Action,2001,5.1,94,1,United States of America
9,Action,2009,6.6,79,6,United States of America
Side Effects,Thriller,2013,6.4,106,6,United States of America
The Prince & Me,Comedy,2004,5.9,111,2,Czech Republic
Winnie the Pooh,Comedy,2011,6.8,63,2,United States of America
Dumb and Dumberer: When Harry Met Lloyd,Comedy,2003,4.1,85,2,United States of America
Bulworth,Comedy,1998,6.3,108,1,United States of America
Get on Up,Drama,2014,6.4,139,1,United States of America
One True Thing,Drama,1998,6.2,127,1,United States of America
Virtuosity,Action,1995,5.4,106,1,United States of America
My Super Ex-Girlfriend,Drama,2006,4.8,95,2,United States of America
Deliver Us from Evil,Thriller,2014,5.9,118,3,United States of America
Sanctum,Action,2011,5.8,108,2,United States of America
Little Black Book,Comedy,2004,5.2,111,1,United States of America
The Five-Year Engagement,Comedy,2012,5.7,124,3,United States of America
Mr. 3000,Comedy,2004,5.0,104,1,United States of America
The Next Three Days,Romance,2010,6.9,133,4,United States of America
Ultraviolet,Sci-Fi,2006,4.8,87,2,United States of America
Assault on Precinct 13,Thriller,2005,6.0,109,2,United States of America
The Replacement Killers,Action,1998,6.0,87,1,United States of America
Fled,Action,1996,5.2,98,1,United States of America
Eight Legged Freaks,Action,2002,5.4,99,2,Australia
Love & Other Drugs,Drama,2010,6.6,112,2,United States of America
88 Minutes,Thriller,2007,5.7,108,2,United States of America
North Country,Drama,2005,6.8,126,1,United States of America
The Whole Ten Yards,Comedy,2004,5.5,98,2,United States of America
Splice,Horror,2009,5.5,104,3,Canada
Howard the Duck,Comedy,1986,5.1,110,1,United States of America
Pride and Glory,Thriller,2008,6.3,130,1,United States of America
The Cave,Action,2005,5.1,97,1,Germany
Alex & Emma,Comedy,2003,5.0,96,1,United States of America
Wicker Park,Drama,2004,6.7,114,1,United States of America
Fright Night,Horror,2011,6.0,106,2,United Kingdom
The New World,Drama,2005,6.4,135,2,United States of America
Wing Commander,Action,1999,4.0,100,1,Luxembourg
In Dreams,Drama,1999,5.4,100,1,United States of America
Dragonball Evolution,Action,2009,2.9,85,2,United States of America
The Last Stand,Action,2013,5.7,107,5,United States of America
Godsend,Drama,2004,4.7,102,1,Canada
Chasing Liberty,Comedy,2004,6.1,111,1,United Kingdom
Hoodwinked Too! Hood VS. Evil,Comedy,2011,4.8,86,1,United States of America
An Unfinished Life,Drama,2005,6.7,108,1,United States of America
The Imaginarium of Doctor Parnassus,Action,2009,6.3,123,4,Canada
Barney's Version,Comedy,2010,7.2,134,1,Canada
Runner Runner,Thriller,2013,5.5,91,3,United States of America
Antitrust,Action,2001,5.8,108,1,Canada
Glory,Drama,1989,7.4,122,2,United States of America
Once Upon a Time in America,Drama,1984,8.2,229,6,United States of America
Dead Man Down,Thriller,2013,5.9,118,3,United States of America
The Merchant of Venice,Drama,2004,6.7,138,1,United Kingdom
The Good Thief,Thriller,2003,6.0,108,1,Canada
Supercross,Action,2005,5.4,80,1,United States of America
Miss Potter,Drama,2006,6.3,92,1,United Kingdom
The Promise,Drama,2005,5.0,98,1,China
DOA: Dead or Alive,Action,2006,5.0,87,1,Germany
The Assassination of Jesse James by the Coward Robert Ford,Action,2007,7.0,160,4,Canada
1911,Action,2011,5.0,125,1,China
Little Nicholas,Comedy,2009,5.9,91,2,Belgium
Wild Card,Thriller,2015,5.4,92,5,United States of America
Machine Gun Preacher,Action,2011,6.4,129,2,United States of America
Animals United,Comedy,2010,5.5,93,1,Germany
Goodbye Bafana,Drama,2007,7.0,140,1,Belgium
United Passions,Drama,2014,3.0,110,1,France
Grace of Monaco,Romance,2014,5.8,103,1,Belgium
Savva. Heart of the Warrior,Drama,2015,6.4,85,1,Russia
Ripley's Game,Thriller,2002,6.6,110,1,United Kingdom
Sausage Party,Action,2016,5.6,83,8,Canada
Pitch Perfect 2,Comedy,2015,6.8,115,8,United States of America
Walk the Line,Drama,2005,7.3,136,4,Germany
Keeping the Faith,Comedy,2000,5.9,127,1,United States of America
The Borrowers,Action,1997,5.8,86,1,United Kingdom
Frost/Nixon,Drama,2008,7.2,122,2,United States of America
Confessions of a Dangerous Mind,Comedy,2002,6.6,113,2,United States of America
Serving Sara,Comedy,2002,5.0,100,1,Germany
The Boss,Comedy,2016,5.5,91,2,United States of America
Cry Freedom,Drama,1987,6.9,157,1,United Kingdom
Mumford,Comedy,1999,6.3,112,1,United States of America
Seed of Chucky,Drama,2004,4.9,87,1,Romania
The Jacket,Drama,2005,6.8,103,3,Germany
Aladdin,Comedy,1992,7.4,90,11,United States of America
Straight Outta Compton,Drama,2015,7.7,147,7,United States of America
Indiana Jones and the Temple of Doom,Action,1984,7.1,118,8,United States of America
The Rugrats Movie,Comedy,1998,5.7,79,1,United States of America
Along Came a Spider,Thriller,2001,6.1,104,2,Canada
Florence Foster Jenkins,Comedy,2016,6.6,110,2,United Kingdom
Once Upon a Time in Mexico,Action,2003,6.2,102,3,United States of America
Die Hard,Action,1988,7.5,131,8,United States of America
Role Models,Comedy,2008,6.4,99,3,United States of America
The Big Short,Comedy,2015,7.3,130,7,United States of America
Taking Woodstock,Comedy,2009,6.2,120,1,United States of America
Miracle,Drama,2004,7.0,135,1,United States of America
Dawn of the Dead,Drama,2004,6.8,101,5,United States of America
The Wedding Planner,Comedy,2001,5.5,103,2,United States of America
Space Pirate Captain Harlock,Comedy,2013,6.5,115,2,Japan
The Royal Tenenbaums,Comedy,2001,7.4,110,3,United States of America
Identity,Thriller,2003,7.1,90,5,United States of America
Last Vegas,Comedy,2013,6.4,105,3,United States of America
For Your Eyes Only,Action,1981,6.3,127,3,United Kingdom
Serendipity,Comedy,2001,6.6,90,2,United States of America
Timecop,Thriller,1994,5.5,99,2,Japan
Zoolander,Comedy,2001,6.1,89,4,Germany
Safe Haven,Romance,2013,6.9,115,4,United States of America
Hocus Pocus,Comedy,1993,6.4,96,2,United States of America
No Reservations,Comedy,2007,6.1,104,2,Australia
Kick-Ass,Action,2010,7.1,117,5,United Kingdom
30 Minutes or Less,Action,2011,5.6,83,3,United States of America
Dracula 2000,Thriller,2000,4.6,99,1,United States of America
"Alexander and the Terrible, Horrible, No Good, Very Bad Day",Comedy,2014,6.1,81,3,United States of America
Pride & Prejudice,Drama,2005,7.7,135,4,France
Blade Runner,Sci-Fi,1982,7.9,117,11,United States of America
Rob Roy,Action,1995,6.5,139,1,United Kingdom
3 Days to Kill,Action,2014,6.0,113,5,France
We Own the Night,Drama,2007,6.5,117,2,United States of America
Lost Souls,Horror,2000,4.5,97,1,United States of America
Winged Migration,Drama,2001,7.0,98,1,Switzerland
Just My Luck,Comedy,2006,5.8,103,3,United States of America
"Mystery, Alaska",Drama,1999,6.0,119,1,Canada
The Spy Next Door,Action,2010,5.5,94,2,United States of America
A Simple Wish,Action,1997,5.5,86,1,United States of America
Ghosts of Mars,Action,2001,4.8,98,2,United States of America
Our Brand Is Crisis,Comedy,2015,5.8,108,1,United States of America
Pride and Prejudice and Zombies,Romance,2016,5.5,108,3,United States of America
Kundun,Drama,1997,6.8,134,1,United States of America
How to Lose Friends & Alienate People,Comedy,2008,6.2,110,2,United Kingdom
Kick-Ass 2,Action,2013,6.3,103,5,United States of America
Alatriste,Action,2006,5.6,145,1,Spain
Brick Mansions,Action,2014,5.7,90,3,Canada
Octopussy,Action,1983,6.2,131,3,United Kingdom
Knocked Up,Comedy,2007,6.2,129,3,United States of America
My Sister's Keeper,Drama,2009,7.1,109,3,United States of America
Welcome Home Roscoe Jenkins,Comedy,2008,5.7,114,1,United States of America
A Passage to India,Drama,1984,6.9,163,1,United Kingdom
Notes on a Scandal,Drama,2006,6.9,92,1,United Kingdom
Rendition,Drama,2007,6.2,120,1,United States of America
Star Trek VI: The Undiscovered Country,Sci-Fi,1991,6.7,113,2,United States of America
Divine Secrets of the Ya-Ya Sisterhood,Comedy,2002,5.6,116,1,United States of America
Kiss the Girls,Drama,1997,6.2,115,2,United States of America
The Blues Brothers,Comedy,1980,7.5,133,5,United States of America
The Sisterhood of the Traveling Pants 2,Action,2008,6.0,117,1,United States of America
Joyful Noise,Comedy,2012,6.7,117,1,United States of America
About a Boy,Drama,2002,6.6,101,3,United Kingdom
Lake Placid,Horror,1999,5.5,82,1,United States of America
Lucky Number Slevin,Drama,2006,7.4,110,4,Germany
The Right Stuff,Drama,1983,7.3,193,2,United States of America
Anonymous,Drama,2011,6.3,130,2,United Kingdom
The NeverEnding Story,Drama,1984,7.0,102,5,Germany
Dark City,Thriller,1998,7.2,100,4,Australia
The Duchess,Drama,2008,6.7,110,2,United Kingdom
Return to Oz,Action,1985,6.7,109,1,United Kingdom
The Newton Boys,Thriller,1998,5.9,113,1,United States of America
Case 39,Horror,2009,6.1,109,3,Canada
Suspect Zero,Thriller,2004,5.5,99,1,Germany
Martian Child,Drama,2007,6.8,106,1,United States of America
Spy Kids: All the Time in the World,Comedy,2011,4.4,89,2,United States of America
Money Monster,Thriller,2016,6.5,98,4,United States of America
The 51st State,Thriller,2001,5.9,93,1,Canada
Flawless,Comedy,1999,5.9,112,1,United States of America
Mindhunters,Thriller,2004,6.3,106,2,Finland
What Just Happened,Comedy,2008,5.2,104,1,United States of America
The Statement,Drama,2003,5.9,120,1,France
The Magic Flute,Comedy,2006,6.9,133,1,United Kingdom
Paul Blart: Mall Cop,Action,2009,5.2,91,4,United States of America
Freaky Friday,Comedy,2003,6.0,97,3,United States of America
The 40 Year Old Virgin,Comedy,2005,6.2,116,4,United States of America
Shakespeare in Love,Romance,1998,6.8,122,4,United States of America
A Walk Among the Tombstones,Thriller,2014,6.2,113,7,United States of America
Kindergarten Cop,Comedy,1990,5.8,111,1,United States of America
Pineapple Express,Action,2008,6.6,111,5,United States of America
Ever After: A Cinderella Story,Drama,1998,6.8,121,3,United States of America
Open Range,Drama,2003,7.0,139,2,United States of America
Flatliners,Drama,1990,6.3,115,3,United States of America
A Bridge Too Far,Drama,1977,6.9,175,2,United Kingdom
Red Eye,Horror,2005,6.2,85,1,United States of America
Final Destination 2,Horror,2003,5.9,90,4,United States of America
"O Brother, Where Art Thou?",Action,2000,7.3,106,5,France
Legion,Horror,2010,5.2,100,4,United States of America
Pain & Gain,Thriller,2013,6.1,130,4,United States of America
In Good Company,Comedy,2004,5.9,109,2,United States of America
Clockstoppers,Action,2002,4.9,94,1,United States of America
Silverado,Action,1985,7.1,127,1,United States of America
Brothers,Drama,2009,6.8,104,3,United States of America
Agent Cody Banks 2: Destination London,Comedy,2004,5.2,100,1,United States of America
New Year's Eve,Comedy,2011,5.7,118,2,United States of America
Original Sin,Drama,2001,5.8,118,2,France
The Raven,Thriller,2012,6.1,111,3,Hungary
Welcome to Mooseport,Comedy,2004,4.8,110,1,Germany
Highlander: The Final Dimension,Action,1994,4.5,99,1,Canada
Blood and Wine,Thriller,1996,5.5,101,1,United Kingdom
Snow White: A Tale of Terror,Drama,1997,6.0,100,1,United States of America
The Curse of the Jade Scorpion,Comedy,2001,6.5,103,1,Germany
Accidental Love,Romance,2015,3.9,100,1,United States of America
Flipper,Action,1996,5.3,95,1,United States of America
Self/less,Sci-Fi,2015,6.3,116,8,United States of America
The Constant Gardener,Drama,2005,6.8,129,2,China
The Passion of the Christ,Drama,2004,6.9,127,4,United States of America
Mrs. Doubtfire,Comedy,1993,7.0,125,4,United States of America
Rain Man,Drama,1988,7.6,133,6,United States of America
Gran Torino,Drama,2008,7.8,116,6,United States of America
W.,Drama,2008,6.1,131,1,United States of America
Taken,Action,2008,7.2,93,9,France
The Best of Me,Drama,2014,7.2,117,4,United States of America
The Bodyguard,Thriller,1992,6.1,129,3,United States of America
Schindler's List,Drama,1993,8.3,195,12,United States of America
The Help,Drama,2011,7.8,146,5,India
The Fifth Estate,Drama,2013,5.7,128,2,Belgium
Scooby-Doo 2: Monsters Unleashed,Thriller,2004,5.4,93,3,United States of America
Forbidden Kingdom,Thriller,2014,4.9,127,1,Czech Republic
Freddy vs. Jason,Horror,2003,5.8,97,3,Canada
The Face of an Angel,Thriller,2014,4.7,100,1,Italy
Jimmy Neutron: Boy Genius,Action,2001,5.6,83,1,United States of America
Cloverfield,Action,2008,6.4,85,5,United States of America
Teenage Mutant Ninja Turtles II: The Secret of the Ooze,Sci-Fi,1991,5.8,88,2,Hong Kong
The Untouchables,Thriller,1987,7.6,119,4,United States of America
No Country for Old Men,Thriller,2007,7.7,122,6,United States of America
Ride Along,Action,2014,6.1,99,3,United States of America
Bridget Jones's Diary,Comedy,2001,6.5,97,4,France
Chocolat,Comedy,2000,6.8,121,3,United Kingdom
"Legally Blonde 2: Red, White & Blonde",Comedy,2003,5.1,95,1,United States of America
Parental Guidance,Comedy,2012,5.7,104,2,United States of America
No Strings Attached,Comedy,2011,6.1,107,4,United States of America
Tombstone,Action,1993,7.4,130,3,United States of America
Romeo Must Die,Action,2000,6.0,115,2,United States of America
The Omen,Horror,1976,7.2,111,3,United Kingdom
Final Destination 3,Horror,2006,5.8,93,4,Canada
The Lucky One,Drama,2012,6.8,101,3,United States of America
Bridge to Terabithia,Action,2007,7.0,96,5,United States of America
Finding Neverland,Drama,2004,7.2,106,4,United Kingdom
A Madea Christmas,Comedy,2013,7.0,100,1,United States of America
The Grey,Action,2012,6.4,117,6,Canada
Hide and Seek,Horror,2005,6.1,101,2,United States of America
Anchorman: The Legend of Ron Burgundy,Comedy,2004,6.7,94,3,United States of America
GoodFellas,Drama,1990,8.2,145,7,United States of America
Agent Cody Banks,Action,2003,5.0,102,1,Canada
Nanny McPhee,Drama,2005,6.4,97,3,France
Scarface,Action,1983,8.0,170,8,United States of America
Nothing to Lose,Action,1997,6.3,97,1,United States of America
The Last Emperor,Drama,1987,7.4,163,2,France
Contraband,Thriller,2012,6.1,109,4,United States of America
Money Talks,Action,1997,5.9,97,1,United States of America
There Will Be Blood,Drama,2007,7.9,158,4,United States of America
The Wild Thornberrys Movie,Comedy,2002,5.8,85,1,United States of America
Rugrats Go Wild,Comedy,2003,5.6,84,1,United States of America
Undercover Brother,Action,2002,5.5,86,1,United States of America
The Sisterhood of the Traveling Pants,Drama,2005,6.3,119,2,United States of America
Kiss of the Dragon,Action,2001,6.4,98,2,France
The House Bunny,Romance,2008,5.6,97,3,United States of America
Beauty Shop,Comedy,2005,5.4,105,1,United States of America
Million Dollar Arm,Drama,2014,6.6,124,2,United States of America
The Giver,Drama,2014,6.4,94,6,United States of America
What a Girl Wants,Comedy,2003,5.8,105,1,United States of America
Jeepers Creepers 2,Horror,2003,5.5,104,2,United States of America
Good Luck Chuck,Comedy,2007,5.5,101,2,Canada
Cradle 2 the Grave,Action,2003,5.8,101,1,United States of America
The Hours,Drama,2002,7.0,114,2,United States of America
She's the Man,Comedy,2006,6.4,105,1,United States of America
Mr. Bean's Holiday,Comedy,2007,6.1,90,3,United Kingdom
Anacondas: The Hunt for the Blood Orchid,Action,2004,4.9,97,1,United States of America
Blood Ties,Thriller,2013,6.0,128,1,France
August Rush,Drama,2007,7.1,114,3,United States of America
Elizabeth,Drama,1998,7.1,124,2,United States of America
Bride of Chucky,Horror,1998,5.5,89,2,Canada
Tora! Tora! Tora!,Drama,1970,6.9,144,1,Japan
Spice World,Action,1997,4.7,93,1,United Kingdom
The Sitter,Comedy,2011,5.4,81,2,United States of America
Dance Flick,Action,2009,4.7,83,1,United States of America
The Shawshank Redemption,Drama,1994,8.5,142,16,United States of America
Crocodile Dundee in Los Angeles,Action,2001,4.7,92,1,Australia
Kingpin,Comedy,1996,6.7,113,2,United States of America
The Gambler,Thriller,2014,5.7,111,3,United States of America
August: Osage County,Comedy,2013,6.9,121,2,United States of America
Ice Princess,Drama,2005,5.9,98,2,United States of America
A Lot Like Love,Comedy,2005,6.5,107,2,United States of America
Eddie the Eagle,Comedy,2016,7.2,106,3,Germany
He Got Game,Drama,1998,6.7,136,1,United States of America
Don Juan DeMarco,Romance,1994,6.2,97,1,United States of America
Dear John,Drama,2010,6.6,115,2,United States of America
The Losers,Action,2010,6.2,97,3,United States of America
Don't Be Afraid of the Dark,Drama,2010,5.4,99,2,United States of America
War,Action,2007,6.0,103,2,United States of America
Punch-Drunk Love,Comedy,2002,6.9,95,2,United States of America
EuroTrip,Comedy,2004,6.5,93,3,United States of America
Half Past Dead,Thriller,2002,4.6,98,1,Germany
Unaccompanied Minors,Comedy,2006,5.4,90,1,Unknown
"Bright Lights, Big City",Drama,1988,4.7,107,1,Japan
The Adventures of Pinocchio,Comedy,1996,5.0,90,1,Czech Republic
The Greatest Game Ever Played,Drama,2005,6.9,120,1,United States of America
The Box,Thriller,2009,5.4,115,2,United States of America
The Ruins,Drama,2008,5.6,91,2,United States of America
The Next Best Thing,Comedy,2000,4.3,108,1,United States of America
My Soul to Take,Drama,2010,5.2,107,1,United States of America
The Girl Next Door,Comedy,2004,6.3,108,5,United States of America
Maximum Risk,Action,1996,5.2,100,1,United States of America
Stealing Harvard,Action,2002,4.4,85,1,United States of America
Legend,Thriller,2015,6.7,131,4,United Kingdom
Hot Rod,Action,2007,6.3,88,1,United States of America
Shark Night,Horror,2011,4.9,91,1,United States of America
Angela's Ashes,Drama,1999,7.0,145,1,Ireland
Draft Day,Drama,2014,6.5,109,2,United States of America
Lifeforce,Drama,1985,6.2,116,1,United Kingdom
The Conspirator,Thriller,2010,6.2,122,1,United States of America
Lords of Dogtown,Drama,2005,7.0,107,1,Germany
The 33,Drama,2015,6.0,120,1,United States of America
Big Trouble in Little China,Action,1986,7.1,99,3,United States of America
Fly Me to the Moon,Comedy,2012,5.6,104,1,France
Warrior,Action,2011,7.7,140,6,United States of America
Michael Collins,Drama,1996,6.7,132,1,Ireland
Gettysburg,Drama,1993,6.6,254,1,United States of America
Stop-Loss,Drama,2008,6.1,113,1,United States of America
Abandon,Drama,2002,4.6,99,1,Australia
Brokedown Palace,Drama,1999,6.2,100,1,United States of America
The Possession,Horror,2012,5.8,92,2,United States of America
Mrs. Winterbourne,Comedy,1996,5.3,105,1,United States of America
Straw Dogs,Drama,2011,5.5,110,1,United States of America
The Hoax,Comedy,2006,6.4,116,1,United States of America
Stone Cold,Action,1991,5.7,92,1,United States of America
The Road,Action,2009,6.8,111,5,United States of America
Sheena,Action,1984,5.0,117,1,Unknown
Underclassman,Action,2005,5.5,95,1,United States of America
Say It Isn't So,Comedy,2001,4.8,95,1,United States of America
The World's Fastest Indian,Drama,2005,7.3,127,1,New Zealand
Tank Girl,Action,1995,5.5,98,1,United States of America
King's Ransom,Comedy,2005,5.1,95,1,Canada
Blindness,Drama,2008,6.4,121,2,Brazil
BloodRayne,Action,2005,3.5,95,1,United States of America
Carnage,Comedy,2011,7.0,80,2,Spain
Where the Truth Lies,Drama,2005,5.9,107,1,United States of America
Cirque du Soleil: Worlds Away,Drama,2012,6.1,91,1,United States of America
Without Limits,Drama,1998,6.2,117,1,United States of America
Me and Orson Welles,Comedy,2009,6.6,114,1,United States of America
The Best Offer,Drama,2013,7.7,124,3,Italy
The Bad Lieutenant: Port of Call - New Orleans,Drama,2009,6.0,122,2,United States of America
A Turtle's Tale: Sammy's Adventures,Comedy,2010,5.6,88,2,France
Little White Lies,Comedy,2010,7.1,154,2,France
Love Ranch,Drama,2010,6.0,117,1,United States of America
The True Story of Puss 'n Boots,Comedy,2009,3.8,82,1,France
Space Dogs,Comedy,2010,6.3,85,1,United States of America
The Counselor,Thriller,2013,5.0,117,4,United Kingdom
Ironclad,Romance,2011,6.2,121,1,United Kingdom
Waterloo,Drama,1970,7.0,128,1,Italy
Kung Fu Jungle,Thriller,2014,6.5,100,1,Hong Kong
Red Sky,Action,2014,4.1,100,1,Russia
Dangerous Liaisons,Drama,1988,7.0,119,2,United Kingdom
On the Road,Action,2012,5.5,137,2,Brazil
Star Trek IV: The Voyage Home,Sci-Fi,1986,6.9,119,3,United States of America
Rocky Balboa,Drama,2006,6.5,102,3,United States of America
Scream 2,Horror,1997,6.1,120,4,United States of America
Jane Got a Gun,Action,2016,5.4,98,2,United States of America
Think Like a Man Too,Comedy,2014,6.4,105,2,United States of America
The Whole Nine Yards,Comedy,2000,6.2,98,3,Canada
Footloose,Drama,1984,6.4,107,3,United States of America
Old School,Comedy,2003,6.6,91,3,United States of America
The Fisher King,Comedy,1991,7.2,137,2,United States of America
I Still Know What You Did Last Summer,Horror,1998,5.1,100,2,United States of America
Return to Me,Romance,2000,6.1,115,1,United States of America
Zack and Miri Make a Porno,Comedy,2008,6.1,102,3,United States of America
Nurse Betty,Comedy,2000,5.9,108,1,Germany
The Men Who Stare at Goats,Comedy,2009,5.9,93,2,United Kingdom
Double Take,Action,2001,5.5,88,1,United States of America
"Girl, Interrupted",Drama,1999,7.6,127,1,Germany
Win a Date with Tad Hamilton!,Comedy,2004,5.5,95,1,United States of America
Muppets from Space,Drama,1999,5.8,87,1,United States of America
The Wiz,Action,1978,5.9,134,1,United States of America
Ready to Rumble,Action,2000,4.7,107,1,United States of America
Play It to the Bone,Comedy,1999,5.7,124,1,United States of America
I Don't Know How She Does It,Romance,2011,5.0,89,1,United States of America
Piranha 3D,Comedy,2010,5.3,88,3,United States of America
Beyond the Sea,Drama,2004,6.5,118,1,Germany
Meet the Deedles,Comedy,1998,4.1,93,1,Unknown
The Thief and the Cobbler,Action,1993,6.8,72,1,United Kingdom
The Bridge of San Luis Rey,Romance,2004,5.4,120,1,Spain
Faster,Thriller,2010,6.1,98,3,United States of America
Howl's Moving Castle,Drama,2004,8.2,119,6,Japan
Zombieland,Comedy,2009,7.2,88,7,United States of America
The Waterboy,Comedy,1998,5.9,90,3,United States of America
The Empire Strikes Back,Action,1980,8.2,124,9,United States of America
Bad Boys,Action,1995,6.5,118,4,United States of America
The Naked Gun 2½: The Smell of Fear,Comedy,1991,6.6,85,3,United States of America
Final Destination,Horror,2000,6.4,98,4,United States of America
The Ides of March,Drama,2011,6.5,101,2,United States of America
Pitch Black,Thriller,2000,6.7,108,2,United States of America
Someone Like You...,Comedy,2001,6.0,97,1,United States of America
Her,Romance,2013,7.9,126,6,China
Joy Ride,Thriller,2001,6.3,97,1,United States of America
The Adventurer: The Curse of the Midas Box,Drama,2013,5.1,99,1,Belgium
Anywhere But Here,Drama,1999,5.9,114,1,United States of America
The Crew,Action,2000,6.4,88,1,United States of America
Haywire,Action,2011,5.6,93,3,Ireland
Jaws: The Revenge,Action,1987,3.5,89,1,United States of America
Marvin's Room,Drama,1996,6.6,98,1,United States of America
The Longshots,Drama,2008,6.5,94,1,United States of America
The End of the Affair,Drama,1999,6.6,102,1,United States of America
Harley Davidson and the Marlboro Man,Action,1991,6.1,98,1,United States of America
In the Valley of Elah,Drama,2007,6.6,124,2,United States of America
Coco Before Chanel,Drama,2009,6.6,110,1,Belgium
Forsaken,Drama,2015,5.8,90,1,Canada
Cheri,Drama,2009,5.9,86,1,Germany
Vanity Fair,Drama,2004,5.5,141,1,United Kingdom
Bodyguards and Assassins,Drama,2009,6.5,139,1,China
1408,Horror,2007,6.5,104,4,United States of America
Spaceballs,Comedy,1987,6.7,96,5,United States of America
The Water Diviner,Drama,2014,6.8,112,3,Australia
Ghost,Drama,1990,6.9,127,5,United States of America
There's Something About Mary,Romance,1998,6.5,119,7,United States of America
The Santa Clause,Drama,1994,6.3,97,2,United States of America
The Rookie,Drama,2002,6.5,127,1,United States of America
The Game Plan,Comedy,2007,6.0,110,2,United States of America
The Bridges of Madison County,Drama,1995,7.3,135,2,United States of America
The Animal,Action,2001,4.6,84,2,United States of America
Gandhi,Drama,1982,7.4,191,4,India
The Hundred-Foot Journey,Drama,2014,7.3,122,3,India
The Net,Thriller,1995,5.6,114,3,United States of America
I Am Sam,Drama,2001,7.2,132,3,United States of America
Son of God,Drama,2014,5.9,138,1,United States of America
Underworld,Drama,2003,6.6,121,9,Germany
Derailed,Drama,2005,6.1,108,2,United Kingdom
The Informant!,Drama,2009,6.0,108,2,United States of America
Shadowlands,Drama,1993,6.8,131,1,United Kingdom
Deuce Bigalow: European Gigolo,Comedy,2005,4.7,83,1,United States of America
Delivery Man,Comedy,2013,6.2,105,3,United States of America
Our Kind of Traitor,Thriller,2016,6.0,108,1,France
Saving Silverman,Comedy,2001,5.4,90,1,United States of America
Diary of a Wimpy Kid: Dog Days,Comedy,2012,6.0,94,2,United States of America
Summer of Sam,Thriller,1999,6.3,142,1,United States of America
Jay and Silent Bob Strike Back,Comedy,2001,6.4,104,2,United States of America
The Glass House,Drama,2001,5.4,106,1,United States of America
"Hail, Caesar!",Comedy,2016,5.7,106,4,United States of America
Josie and the Pussycats,Comedy,2001,5.3,98,1,Canada
Homefront,Action,2013,6.4,100,4,United States of America
The Little Vampire,Comedy,2000,6.1,95,1,Germany
I Heart Huckabees,Comedy,2004,6.2,106,2,Germany
RoboCop 3,Action,1993,4.2,104,2,United States of America
Megiddo: The Omega Code 2,Action,2001,3.6,104,1,United States of America
Darling Lili,Drama,1970,4.9,107,1,United States of America
Dudley Do-Right,Comedy,1999,3.8,77,1,United States of America
The Transporter Refueled,Thriller,2015,5.2,96,3,Belgium
The Libertine,Drama,2004,5.9,114,1,United Kingdom
Black Book,Drama,2006,7.2,145,2,Netherlands
Joyeux Noël,Romance,2005,7.2,116,2,Belgium
Hit & Run,Action,2012,5.5,100,2,United States of America
Mad Money,Action,2008,5.9,104,1,United States of America
Before I Go to Sleep,Thriller,2014,6.2,92,6,France
Sorcerer,Action,1977,7.4,121,1,United States of America
Stone,Drama,2010,5.2,105,1,United States of America
Moliere,Romance,2007,6.7,115,1,France
Out of the Furnace,Thriller,2013,6.5,116,3,United States of America
Michael Clayton,Drama,2007,6.5,119,2,United States of America
My Fellow Americans,Comedy,1996,6.3,101,1,United States of America
Arlington Road,Drama,1999,7.0,117,1,United States of America
Underdogs,Comedy,2013,6.0,106,2,Argentina
To Rome with Love,Romance,2012,5.6,111,2,Italy
Firefox,Sci-Fi,1982,5.5,136,1,United States of America
"South Park: Bigger, Longer & Uncut",Comedy,1999,7.1,81,3,United States of America
Death at a Funeral,Comedy,2007,6.9,90,2,United Kingdom
Teenage Mutant Ninja Turtles III,Action,1993,5.1,96,1,Hong Kong
Hardball,Comedy,2001,6.3,106,1,Germany
Silver Linings Playbook,Drama,2012,6.9,122,7,United States of America
Freedom Writers,Thriller,2007,7.5,123,2,Germany
For Colored Girls,Drama,2010,7.0,134,1,United States of America
The Transporter,Action,2002,6.6,92,4,United States of America
Never Back Down,Drama,2008,6.4,115,3,United States of America
The Rage: Carrie 2,Horror,1999,5.1,104,1,United States of America
Away We Go,Drama,2009,6.7,98,1,United States of America
Swing Vote,Drama,2008,5.8,120,1,United States of America
Moonlight Mile,Romance,2002,6.5,117,1,United States of America
Tinker Tailor Soldier Spy,Drama,2011,6.6,127,4,France
Molly,Drama,1999,5.5,102,1,United States of America
The Beaver,Drama,2011,6.3,91,2,United Arab Emirates
The Best Little Whorehouse in Texas,Comedy,1982,5.9,114,1,United States of America
eXistenZ,Action,1999,6.7,97,3,Canada
Raiders of the Lost Ark,Action,1981,7.7,115,8,United States of America
Home Alone 2: Lost in New York,Comedy,1992,6.3,120,9,United States of America
Close Encounters of the Third Kind,Sci-Fi,1977,7.2,135,6,United States of America
Pulse,Horror,2006,5.0,90,1,United States of America
Beverly Hills Cop II,Action,1987,6.1,100,3,United States of America
Bringing Down the House,Comedy,2003,5.4,105,1,United States of America
The Silence of the Lambs,Thriller,1991,8.1,119,2,United States of America
Wayne's World,Comedy,1992,6.5,94,2,United States of America
Jackass 3D,Comedy,2010,6.4,94,2,United States of America
Jaws 2,Horror,1978,5.9,116,2,United States of America
Beverly Hills Chihuahua,Action,2008,4.9,91,1,United States of America
The Conjuring,Horror,2013,7.4,112,6,United States of America
Are We There Yet?,Action,2005,5.2,95,2,United States of America
Tammy,Comedy,2014,5.0,97,2,United States of America
School of Rock,Comedy,2003,6.7,108,5,Germany
Mortal Kombat,Action,1995,5.4,101,2,United States of America
White Chicks,Comedy,2004,6.3,109,3,United States of America
The Descendants,Comedy,2011,6.7,115,5,United States of America
Holes,Action,2003,6.7,117,3,United States of America
The Last Song,Drama,2010,6.9,107,3,United States of America
12 Years a Slave,Drama,2013,7.9,134,11,United States of America
Drumline,Drama,2002,6.2,118,1,United States of America
Why Did I Get Married Too?,Comedy,2010,6.1,121,1,United States of America
Edward Scissorhands,Drama,1990,7.5,105,5,United States of America
Me Before You,Drama,2016,7.6,110,6,United States of America
Madea's Witness Protection,Drama,2012,5.9,114,1,United States of America
The French Connection,Action,1971,7.4,104,2,United States of America
Bad Moms,Comedy,2016,6.3,100,5,United States of America
Date Movie,Comedy,2006,3.6,83,1,Switzerland
Return to Never Land,Action,2002,6.1,72,2,Australia
Selma,Drama,2014,7.4,127,3,United Kingdom
The Jungle Book 2,Comedy,2003,5.6,72,2,Australia
Boogeyman,Thriller,2005,4.6,89,1,United States of America
Premonition,Thriller,2007,5.8,96,3,United States of America
The Tigger Movie,Comedy,2000,6.3,77,1,United States of America
Orphan,Horror,2009,6.7,123,3,Canada
Max,Action,2015,6.8,111,2,United States of America
Epic Movie,Action,2007,3.2,86,1,United States of America
Spotlight,Drama,2015,7.8,128,5,Canada
Lakeview Terrace,Drama,2008,5.9,110,2,United States of America
The Grudge 2,Horror,2006,5.2,102,2,United States of America
How Stella Got Her Groove Back,Comedy,1998,6.0,124,1,United States of America
Bill & Ted's Bogus Journey,Action,1991,5.9,98,1,United States of America
Man of the Year,Comedy,2006,5.8,115,1,United States of America
The Black Hole,Action,1979,6.1,98,1,United States of America
The American,Thriller,2010,5.8,104,2,United Kingdom
Selena,Drama,1997,7.0,127,1,United States of America
Vampires Suck,Horror,2010,4.2,82,2,United States of America
Babel,Drama,2006,6.9,143,3,France
This Is Where I Leave You,Drama,2014,6.5,103,2,United States of America
Doubt,Drama,2008,7.0,104,2,United States of America
Team America: World Police,Comedy,2004,6.6,98,3,Germany
Texas Chainsaw 3D,Horror,2013,5.3,92,3,United States of America
Copycat,Drama,1995,6.4,124,2,United States of America
Scary Movie 5,Comedy,2013,4.6,86,4,United States of America
Paint Your Wagon,Drama,1969,6.2,158,1,United States of America
Milk,Drama,2008,7.1,128,4,United States of America
Risen,Action,2016,5.7,107,2,United States of America
Ghost Ship,Horror,2002,5.3,91,3,Australia
A Very Harold & Kumar Christmas,Comedy,2011,6.0,108,2,United States of America
Wild Things,Thriller,1998,6.3,108,3,United States of America
The Stepfather,Horror,2009,5.4,101,1,United States of America
The Debt,Drama,2010,6.3,113,2,United States of America
High Fidelity,Comedy,2000,7.0,113,3,United Kingdom
One Missed Call,Horror,2008,4.7,87,1,Germany
Eye for an Eye,Drama,1996,5.8,101,1,United States of America
The Bank Job,Thriller,2008,6.6,112,3,Australia
Eternal Sunshine of the Spotless Mind,Sci-Fi,2004,7.9,108,6,United States of America
You Again,Comedy,2010,6.0,105,2,United States of America
Street Kings,Action,2008,6.3,109,2,United States of America
The World's End,Comedy,2013,6.7,109,6,United Kingdom
Nancy Drew,Action,2007,5.8,99,1,United States of America
Daybreakers,Drama,2009,6.0,98,3,United States of America
She's Out of My League,Comedy,2010,5.9,104,2,United States of America
Monte Carlo,Action,2011,6.0,109,2,Hungary
Stay Alive,Horror,2006,5.3,100,1,United States of America
Quigley Down Under,Romance,1990,6.5,119,1,Australia
Alpha and Omega,Comedy,2010,5.3,88,1,United States of America
The Covenant,Action,2006,5.2,97,2,United States of America
Stick It,Comedy,2006,6.3,105,1,Germany
Shorts,Comedy,2009,5.1,89,1,United Arab Emirates
To Die For,Drama,1995,6.7,106,1,United States of America
Nerve,Thriller,2016,7.1,96,7,United States of America
Appaloosa,Drama,2008,6.3,115,2,United States of America
Vampires,Action,1998,5.8,108,2,United States of America
Psycho,Drama,1960,8.2,109,11,United States of America
My Best Friend's Girl,Romance,2008,5.4,101,2,United States of America
Endless Love,Drama,2014,6.7,103,3,United States of America
Georgia Rule,Comedy,2007,5.6,113,1,United States of America
Under the Rainbow,Comedy,1981,4.9,98,1,United States of America
Ladyhawke,Action,1985,6.8,121,2,United States of America
Simon Birch,Comedy,1998,6.5,114,1,United States of America
Reign Over Me,Drama,2007,7.1,124,2,United States of America
Into the Wild,Action,2007,7.8,148,5,United States of America
School for Scoundrels,Comedy,2006,5.6,100,1,United States of America
Silent Hill: Revelation 3D,Thriller,2012,5.0,94,3,France
From Dusk Till Dawn,Horror,1996,6.9,108,7,United States of America
Pooh's Heffalump Movie,Comedy,2005,6.4,68,1,United States of America
Home for the Holidays,Comedy,1995,6.3,103,1,United States of America
Kung Fu Hustle,Action,2004,7.2,99,2,China
The Country Bears,Action,2002,4.3,88,1,United States of America
The Kite Runner,Drama,2007,7.3,128,1,China
21 Grams,Drama,2003,7.2,124,4,United States of America
Paparazzi,Action,2004,5.8,84,1,United States of America
A Guy Thing,Comedy,2003,5.3,101,1,United States of America
Loser,Drama,2000,5.0,98,1,United States of America
Capitalism: A Love Story,Drama,2009,7.0,120,1,United States of America
The Greatest Story Ever Told,Drama,1965,6.5,199,1,United States of America
Secret in Their Eyes,Thriller,2015,6.2,111,2,Spain
Disaster Movie,Action,2008,3.0,87,2,United States of America
Armored,Action,2009,5.5,88,2,United States of America
The Man Who Knew Too Little,Comedy,1997,6.5,97,1,United States of America
What's Your Number?,Comedy,2011,6.2,106,2,United States of America
Lockout,Action,2012,5.8,95,4,France
Envy,Comedy,2004,4.8,99,1,United States of America
Crank: High Voltage,Action,2009,5.9,96,4,United States of America
Bullets Over Broadway,Action,1994,7.0,98,1,United States of America
One Night with the King,Drama,2006,6.1,123,1,United States of America
The Quiet American,Drama,2002,6.4,101,1,United States of America
The Weather Man,Comedy,2005,6.0,101,2,Germany
Undisputed,Action,2002,6.1,96,2,United States of America
Ghost Town,Comedy,2008,6.4,102,2,United States of America
12 Rounds,Action,2009,5.7,108,2,United States of America
Let Me In,Drama,2010,6.7,116,2,United Kingdom
3 Ninjas Kick Back,Action,1994,4.5,93,1,Japan
Be Kind Rewind,Drama,2008,6.2,102,2,United States of America
Mrs Henderson Presents,Comedy,2005,6.4,103,1,United Kingdom
Triple 9,Action,2016,5.6,115,3,United States of America
Deconstructing Harry,Comedy,1997,7.3,96,1,United States of America
Three to Tango,Comedy,1999,5.4,98,1,Australia
Burnt,Drama,2015,6.3,100,3,United States of America
We're No Angels,Comedy,1989,5.6,106,1,United States of America
Everyone Says I Love You,Comedy,1996,6.5,101,1,United States of America
Death Sentence,Action,2007,6.5,105,1,United States of America
Everybody's Fine,Drama,2009,6.5,99,2,United States of America
Superbabies: Baby Geniuses 2,Comedy,2004,1.9,88,1,Germany
The Man,Action,2005,5.4,83,1,United States of America
Code Name: The Cleaner,Action,2007,4.7,84,1,United States of America
Connie and Carla,Comedy,2004,6.4,98,1,United States of America
Sweet Charity,Comedy,1969,6.5,149,1,United States of America
Inherent Vice,Comedy,2014,6.5,148,5,United States of America
Doogal,Comedy,2006,3.2,85,1,France
Battle of the Year,Comedy,2013,5.9,110,1,United States of America
An American Carol,Comedy,2008,4.1,83,1,United States of America
Machete Kills,Action,2013,5.3,107,3,United States of America
Willard,Horror,2003,5.8,100,1,United States of America
Strange Wilderness,Comedy,2008,4.7,87,1,United States of America
Topsy-Turvy,Comedy,1999,6.7,160,1,United Kingdom
Little Boy,Comedy,2015,7.0,106,1,Mexico
A Dangerous Method,Drama,2011,6.2,99,3,Switzerland
A Scanner Darkly,Comedy,2006,6.8,100,3,United States of America
Chasing Mavericks,Drama,2012,7.0,117,2,United States of America
Alone in the Dark,Action,2005,3.1,96,1,Canada
Bandslam,Comedy,2009,5.4,111,1,United States of America
Birth,Drama,2004,5.9,100,1,France
A Most Violent Year,Thriller,2014,6.5,125,4,United Arab Emirates
Passchendaele,Drama,2008,6.3,114,1,Canada
Flash of Genius,Drama,2008,6.3,119,1,United States of America
I'm Not There.,Drama,2007,6.6,135,1,United States of America
The Cold Light of Day,Action,2012,4.8,93,2,United States of America
The Brothers Bloom,Action,2008,6.8,114,1,United States of America
"Synecdoche, New York",Drama,2008,7.4,124,1,United States of America
Princess Mononoke,Action,1997,8.2,134,7,Japan
Bon voyage,Comedy,2003,5.7,114,1,France
Can't Stop the Music,Comedy,1980,4.9,124,1,United States of America
The Proposition,Action,2005,7.1,104,2,Australia
My All American,Drama,2015,6.8,118,1,United States of America
Marci X,Comedy,2003,3.3,84,1,United States of America
Equilibrium,Action,2002,6.9,107,5,United States of America
The Children of Huang Shi,Drama,2008,6.5,125,1,Australia
The Yards,Drama,2000,6.0,115,1,United States of America
The Oogieloves in the Big Balloon Adventure,Comedy,2012,2.2,88,1,United States of America
By the Sea,Drama,2015,5.4,122,1,France
Steamboy,Comedy,2004,6.4,126,1,Japan
The Game of Their Lives,Drama,2005,5.8,101,1,United States of America
All Good Things,Drama,2010,5.9,101,2,United States of America
Rapa Nui,Action,1994,6.2,107,1,United States of America
CJ7,Comedy,2008,6.1,86,1,Hong Kong
The Visitors II: The Corridors of Time,Comedy,1998,5.8,118,1,France
Dylan Dog: Dead of Night,Action,2011,4.5,107,1,United States of America
People I Know,Drama,2002,5.5,100,1,Germany
The Tempest,Drama,2010,6.0,110,1,United States of America
Regression,Horror,2015,5.3,106,3,Canada
Three Kingdoms: Resurrection of the Dragon,Action,2008,6.6,102,1,China
Butterfly on a Wheel,Thriller,2007,6.3,95,1,Canada
Zambezia,Comedy,2012,5.3,83,2,South Africa
Ramanujan,Drama,2014,5.0,170,1,India
Dwegons,Comedy,2014,0.5,98,1,United States of America
Hands of Stone,Drama,2016,6.1,105,1,Panama
Survivor,Thriller,2015,5.4,96,4,United Kingdom
The Frozen Ground,Thriller,2013,6.1,105,3,United States of America
The Painted Veil,Drama,2006,7.1,125,2,Canada
The Baader Meinhof Complex,Action,2008,7.1,150,1,Czech Republic
Dances with Wolves,Action,1990,7.6,181,5,United Kingdom
Bad Teacher,Comedy,2011,5.4,92,3,United States of America
Sea of Love,Drama,1989,6.7,113,1,United States of America
A Cinderella Story,Comedy,2004,6.1,95,3,Canada
Scream,Thriller,1996,7.0,111,5,United States of America
Thir13en Ghosts,Horror,2001,5.4,91,2,Canada
The Shining,Horror,1980,8.1,144,9,United States of America
Back to the Future,Action,1985,8.0,116,9,United States of America
House on Haunted Hill,Horror,1999,5.5,93,2,United States of America
I Can Do Bad All By Myself,Drama,2009,6.0,113,1,United States of America
Fight Valley,Action,2016,3.9,90,1,United States of America
The Switch,Comedy,2010,5.9,101,3,United States of America
Just Married,Comedy,2003,5.3,95,2,Germany
The Devil's Double,Drama,2011,6.5,109,1,Netherlands
Thomas and the Magic Railroad,Comedy,2000,4.6,85,1,United Kingdom
The Crazies,Thriller,2010,6.2,101,3,United States of America
Spirited Away,Drama,2001,8.3,125,14,Japan
Firestorm,Action,2013,5.9,110,1,Hong Kong
The Bounty,Action,1984,6.5,132,1,United States of America
The Book Thief,Drama,2013,7.4,131,7,Germany
Sex Drive,Comedy,2008,6.0,109,2,United States of America
Leap Year,Romance,2010,6.4,100,3,Ireland
The Fall of the Roman Empire,Drama,1964,6.0,188,1,United States of America
Take Me Home Tonight,Comedy,2011,6.2,97,1,United States of America
Won't Back Down,Drama,2012,5.8,121,1,United States of America
The Nutcracker,Comedy,1993,5.6,93,1,United States of America
Kansas City,Thriller,1996,6.1,116,1,United States of America
Indignation,Drama,2016,6.8,110,1,United States of America
The Amityville Horror,Horror,2005,6.0,90,3,United States of America
Adaptation.,Comedy,2002,7.3,114,3,United States of America
Land of the Dead,Horror,2005,6.0,93,2,Canada
Out of Inferno,Action,2013,5.8,107,1,Hong Kong
Fear and Loathing in Las Vegas,Action,1998,7.2,118,5,United States of America
The Invention of Lying,Comedy,2009,6.0,100,2,United States of America
Neighbors,Comedy,2014,6.2,96,4,United States of America
The Mask,Romance,1994,6.6,101,10,United States of America
Big,Drama,1988,6.9,104,2,United States of America
Borat: Cultural Learnings of America for Make Benefit Glorious Nation of Kazakhstan,Comedy,2006,6.5,82,3,United States of America
Legally Blonde,Comedy,2001,6.1,96,3,United States of America
Star Trek III: The Search for Spock,Sci-Fi,1984,6.4,105,2,United States of America
The Exorcism of Emily Rose,Thriller,2005,6.3,122,4,United States of America
Deuce Bigalow: Male Gigolo,Comedy,1999,5.5,88,1,United States of America
Left Behind,Thriller,2014,3.7,110,4,United States of America
The Family Stone,Comedy,2005,6.2,103,2,United States of America
Barbershop 2:  Back in Business,Comedy,2004,5.6,106,1,United States of America
Bad Santa,Drama,2003,6.5,91,3,Germany
Austin Powers: International Man of Mystery,Sci-Fi,1997,6.5,94,4,Germany
My Big Fat Greek Wedding 2,Romance,2016,5.5,94,2,Canada
Diary of a Wimpy Kid: Rodrick Rules,Comedy,2011,6.3,99,2,United States of America
Predator,Sci-Fi,1987,7.3,107,6,United States of America
Amadeus,Drama,1984,7.8,160,4,United States of America
Prom Night,Thriller,2008,4.8,88,1,United States of America
Mean Girls,Comedy,2004,6.9,97,4,United States of America
Under the Tuscan Sun,Comedy,2003,6.4,113,1,Italy
Gosford Park,Drama,2001,6.8,137,1,Germany
Peggy Sue Got Married,Comedy,1986,5.9,103,1,United States of America
Birdman,Drama,2014,7.4,119,10,United States of America
Blue Jasmine,Comedy,2013,7.0,98,4,United States of America
United 93,Drama,2006,6.9,111,2,France
Honey,Romance,2003,6.0,94,2,United States of America
Spy Hard,Action,1996,4.9,81,1,United States of America
The Fog,Horror,1980,6.4,89,2,United States of America
Soul Surfer,Action,2011,6.9,106,2,United States of America
Catch-22,Drama,1970,6.7,121,1,United States of America
Observe and Report,Comedy,2009,5.6,86,1,United States of America
Conan the Destroyer,Action,1984,5.8,103,2,United States of America
Raging Bull,Drama,1980,7.7,129,4,United States of America
Love Happens,Drama,2009,5.6,109,2,Canada
Young Sherlock Holmes,Action,1985,6.7,109,1,United States of America
Fame,Comedy,2009,5.5,107,1,United States of America
127 Hours,Action,2010,7.0,94,6,United Kingdom
Small Time Crooks,Action,2000,6.4,94,1,United States of America
Center Stage,Drama,2000,6.8,115,1,United States of America
Love the Coopers,Comedy,2015,5.4,107,1,United States of America
Catch That Kid,Comedy,2004,4.9,92,1,United States of America
Life as a House,Drama,2001,7.2,125,1,United States of America
Steve Jobs,Drama,2015,6.8,122,6,United States of America
"I Love You, Beth Cooper",Comedy,2009,5.1,102,2,Canada
Youth in Revolt,Drama,2009,5.9,87,2,United States of America
The Legend of the Lone Ranger,Action,1981,3.7,98,1,United States of America
The Tailor of Panama,Drama,2001,6.2,109,1,Ireland
Blow Out,Drama,1981,7.3,108,2,United States of America
Getaway,Action,2013,4.9,90,2,Bulgaria
The Ice Storm,Drama,1997,6.9,112,2,France
And So It Goes,Comedy,2014,5.7,94,1,United States of America
Troop Beverly Hills,Action,1989,5.6,105,1,United States of America
Being Julia,Comedy,2004,6.4,104,1,Unknown
Nine 1/2 Weeks,Drama,1986,5.8,117,1,United States of America
Dragonslayer,Drama,1981,6.5,108,1,United Kingdom
The Last Station,Drama,2009,6.7,112,1,United Kingdom
Ed Wood,Comedy,1994,7.3,127,3,United States of America
Labor Day,Drama,2013,6.7,111,2,United States of America
Mongol: The Rise of Genghis Khan,Drama,2007,6.5,120,1,Russia
RockNRolla,Action,2008,6.9,114,4,United Kingdom
Megaforce,Action,1982,3.5,99,1,Hong Kong
Hamlet,Drama,1996,7.3,242,1,United Kingdom
Mao's Last Dancer,Drama,2009,6.8,117,1,Australia
Midnight Special,Action,2016,6.2,112,4,United States of America
Anything Else,Comedy,2003,6.2,108,1,United Kingdom
The Railway Man,Drama,2013,6.7,116,2,Australia
The White Ribbon,Thriller,2009,7.2,144,2,Austria
Restoration,Horror,2016,5.3,90,1,Unknown
The Wraith,Romance,1986,5.9,93,1,United States of America
Salton Sea,Drama,2002,7.0,103,1,United States of America
Metallica: Through the Never,Comedy,2013,6.7,93,1,United States of America
The Informers,Drama,2008,4.4,98,1,Germany
Carlos,Thriller,2010,6.7,338,1,France
I Come with the Rain,Thriller,2009,5.6,114,1,France
One Man's Hero,Drama,1999,9.3,121,1,United States of America
Day of the Dead,Horror,1985,6.9,96,2,United States of America
I Am Wrath,Action,2016,4.5,92,1,United States of America
Renaissance,Action,2006,6.7,105,1,France
Red Sonja,Action,1985,5.0,89,1,Netherlands
Red Lights,Thriller,2012,6.0,119,3,Spain
Superbad,Comedy,2007,7.0,113,4,United States of America
Madea Goes to Jail,Comedy,2009,6.4,103,1,United States of America
Wolves,Horror,2014,5.7,90,1,Canada
Step Up 2: The Streets,Comedy,2008,6.5,98,3,United States of America
Hoodwinked!,Comedy,2005,5.9,80,3,United States of America
Hotel Rwanda,Drama,2004,7.5,121,3,Canada
Hitman,Action,2007,5.9,89,5,France
Black Nativity,Drama,2013,5.8,93,1,United States of America
The Prince,Thriller,2014,4.6,93,2,United States of America
City of Ghosts,Thriller,2002,5.4,116,1,United States of America
The Others,Horror,2001,7.4,101,3,Spain
Aliens,Horror,1986,7.7,137,8,United Kingdom
My Fair Lady,Drama,1964,7.4,170,2,United States of America
I Know What You Did Last Summer,Horror,1997,5.6,100,3,United States of America
Let's Be Cops,Comedy,2014,6.4,104,8,United States of America
Sideways,Comedy,2004,6.9,126,3,United States of America
Beerfest,Comedy,2006,5.8,110,2,United States of America
Halloween,Horror,1978,7.4,91,3,United States of America
Good Boy!,Comedy,2003,4.7,87,1,United States of America
The Best Man Holiday,Comedy,2013,6.7,123,1,United States of America
Smokin' Aces,Action,2006,6.4,109,3,France
Saw: The Final Chapter,Horror,2010,5.8,90,4,Canada
40 Days and 40 Nights,Comedy,2002,5.2,94,2,United States of America
A Night at the Roxbury,Comedy,1998,5.9,81,1,United States of America
Beastly,Drama,2011,6.0,86,3,United States of America
The Hills Have Eyes,Horror,2006,6.1,107,4,France
Dickie Roberts: Former Child Star,Comedy,2003,5.1,98,1,United States of America
"McFarland, USA",Drama,2015,7.4,128,2,United States of America
Lottery Ticket,Comedy,2010,5.6,99,1,United States of America
ATL,Drama,2006,6.0,105,1,United States of America
Pitch Perfect,Comedy,2012,7.3,112,4,United States of America
Summer Catch,Drama,2001,4.8,108,1,United States of America
A Simple Plan,Drama,1998,6.9,121,1,United States of America
They,Horror,2002,4.6,89,1,United States of America
Larry the Cable Guy: Health Inspector,Comedy,2006,3.3,89,1,United States of America
The Adventures of Elmo in Grouchland,Comedy,1999,6.3,73,1,United States of America
Brooklyn's Finest,Thriller,2009,6.2,133,2,United States of America
55 Days at Peking,Action,1963,6.3,154,1,United States of America
Evil Dead,Horror,2013,6.4,91,4,United States of America
My Life in Ruins,Comedy,2009,5.6,95,1,Greece
American Dreamz,Comedy,2006,4.9,107,1,United States of America
Superman IV: The Quest for Peace,Action,1987,4.1,90,2,United Kingdom
How She Move,Drama,2008,3.0,94,1,Canada
Running Scared,Action,2006,7.0,122,2,Germany
Bobby Jones: Stroke of Genius,Drama,2004,5.5,120,1,United States of America
Shanghai Surprise,Action,1986,2.9,97,1,United Kingdom
The Illusionist,Drama,2006,7.1,110,4,Czech Republic
Roar,Action,1981,5.6,102,1,United States of America
Veronica Guerin,Drama,2003,6.8,98,1,Ireland
Escobar: Paradise Lost,Thriller,2014,6.1,120,3,Belgium
Southland Tales,Action,2006,5.2,144,1,Germany
Dragon Hunters,Comedy,2008,6.5,80,1,France
Damnation Alley,Action,1977,5.0,91,1,United States of America
The Apparition,Horror,2012,4.5,82,1,United States of America
My Girl,Comedy,1991,7.0,102,2,United States of America
Fur: An Imaginary Portrait of Diane Arbus,Drama,2006,5.8,122,1,United States of America
Wall Street,Thriller,1987,7.0,126,3,United States of America
Sense and Sensibility,Drama,1995,7.2,136,2,United Kingdom
Becoming Jane,Drama,2007,6.9,120,2,United Kingdom
Sydney White,Comedy,2007,6.0,108,1,United States of America
House of Sand and Fog,Drama,2003,7.0,126,1,United States of America
Dead Poets Society,Drama,1989,8.1,129,6,United States of America
Dumb and Dumber,Comedy,1994,6.5,107,4,United States of America
When Harry Met Sally...,Comedy,1989,7.3,96,2,United States of America
The Verdict,Drama,1982,7.4,129,1,United States of America
Road Trip,Comedy,2000,5.9,93,2,United States of America
Varsity Blues,Comedy,1999,6.0,106,1,United States of America
The Artist,Drama,2011,7.3,100,3,Belgium
The Unborn,Horror,2009,4.8,87,2,United States of America
Moonrise Kingdom,Comedy,2012,7.6,94,5,United States of America
The Texas Chainsaw Massacre: The Beginning,Horror,2006,5.9,91,2,United States of America
The Young Messiah,Drama,2016,6.4,120,1,United States of America
The Master of Disguise,Comedy,2002,3.7,80,1,United States of America
Pan's Labyrinth,Drama,2006,7.6,118,10,Spain
See Spot Run,Action,2001,4.8,94,1,Australia
Baby Boy,Thriller,2001,7.4,130,1,United States of America
The Roommate,Thriller,2011,5.3,91,1,United States of America
Joe Dirt,Thriller,2001,5.5,91,2,United States of America
Double Impact,Thriller,1991,5.3,110,1,United States of America
Hot Fuzz,Thriller,2007,7.4,121,4,United Kingdom
The Women,Comedy,2008,4.6,114,1,United States of America
Vicky Cristina Barcelona,Drama,2008,6.7,96,4,United States of America
Arn: The Knight Templar,Action,2007,6.4,139,1,Sweden
Boys and Girls,Comedy,2000,5.4,94,1,United States of America
White Oleander,Drama,2002,7.2,109,1,Germany
Jennifer's Body,Comedy,2009,5.3,100,4,United States of America
Drowning Mona,Comedy,2000,5.4,96,1,United States of America
Radio Days,Comedy,1987,7.0,90,1,United States of America
Remember Me,Drama,2010,6.9,113,4,United States of America
How to Deal,Drama,2003,5.7,99,1,United States of America
My Stepmother is an Alien,Comedy,1988,5.3,108,1,United States of America
Philadelphia,Drama,1993,7.6,125,5,United States of America
The Thirteenth Floor,Thriller,1999,6.8,100,2,United States of America
The Cookout,Comedy,2004,4.6,97,1,United States of America
Meteor,Action,1979,5.1,107,1,United States of America
Duets,Comedy,2000,5.5,112,1,United States of America
Hollywood Ending,Comedy,2002,6.4,112,1,United States of America
Detroit Rock City,Comedy,1999,6.7,95,1,United States of America
Highlander,Action,1986,6.8,116,3,United Kingdom
Things We Lost in the Fire,Drama,2007,6.7,113,1,United States of America
Steel,Sci-Fi,1997,4.3,97,1,United States of America
The Immigrant,Drama,2013,6.2,117,2,United States of America
The White Countess,Drama,2005,6.9,135,1,China
Trance,Thriller,2013,6.5,101,4,United Kingdom
Soul Plane,Romance,2004,4.7,86,1,United States of America
Welcome to the Sticks,Comedy,2008,6.8,106,2,France
Good,Drama,2008,6.3,96,1,Germany
Enter the Void,Drama,2009,7.2,161,2,Canada
Vamps,Comedy,2012,4.8,93,1,United States of America
Hachi: A Dog's Tale,Drama,2009,7.7,93,5,United Kingdom
Zulu,Thriller,2013,6.7,110,2,South Africa
The Homesman,Drama,2014,6.4,122,2,France
Juwanna Mann,Comedy,2002,4.2,91,1,United States of America
Ararat,Drama,2002,5.7,115,1,Canada
Madison,Action,2001,5.3,99,1,United States of America
Slow Burn,Thriller,2005,5.5,93,1,United States of America
Wasabi,Drama,2001,6.2,94,2,Japan
Slither,Comedy,2006,6.3,95,2,Canada
Beverly Hills Cop,Action,1984,6.8,105,3,United States of America
Home Alone,Comedy,1990,7.1,103,1,United States of America
Three Men and a Baby,Comedy,1987,5.8,102,1,United States of America
Tootsie,Comedy,1982,6.9,116,2,United States of America
Top Gun,Action,1986,6.7,110,7,United States of America
"Crouching Tiger, Hidden Dragon",Action,2000,7.2,120,5,China
American Beauty,Drama,1999,7.9,122,9,United States of America
The King's Speech,Drama,2010,7.6,118,6,United Kingdom
Twins,Comedy,1988,5.7,107,2,United States of America
The Yellow Handkerchief,Drama,2008,6.4,102,1,United States of America
The Color Purple,Drama,1985,7.7,154,2,United States of America
Tidal Wave,Action,2009,6.5,120,1,South Korea
The Imitation Game,Drama,2014,8.0,113,17,United Kingdom
Private Benjamin,Comedy,1980,6.0,109,1,United States of America
Coal Miner's Daughter,Drama,1980,7.2,125,1,United States of America
Diary of a Wimpy Kid,Comedy,2010,5.9,92,2,United Kingdom
Mama,Horror,2013,6.0,100,5,Spain
National Lampoon's Vacation,Comedy,1983,7.1,98,3,United States of America
Bad Grandpa,Comedy,2013,6.0,92,3,United States of America
The Queen,Drama,2006,6.8,103,2,France
Beetlejuice,Drama,1988,7.1,92,7,United States of America
Why Did I Get Married?,Comedy,2007,6.1,113,1,United States of America
Little Women,Drama,1994,7.0,115,2,United States of America
The Woman in Black,Drama,2012,6.1,95,5,Canada
When a Stranger Calls,Horror,2006,5.4,87,1,United States of America
Big Fat Liar,Comedy,2002,5.6,88,1,United States of America
The Deer Hunter,Drama,1978,7.8,183,2,United Kingdom
Wag the Dog,Comedy,1997,6.7,97,2,United States of America
The Lizzie McGuire Movie,Comedy,2003,5.7,94,1,United States of America
Snitch,Thriller,2013,5.8,112,3,United States of America
Krampus,Horror,2015,5.9,98,4,United States of America
The Faculty,Horror,1998,6.2,104,2,United States of America
What's Love Got to Do with It,Drama,1993,6.9,118,1,United States of America
Cop Land,Action,1997,6.6,104,2,United States of America
Not Another Teen Movie,Comedy,2001,5.5,89,3,United States of America
End of Watch,Thriller,2012,7.2,109,6,United States of America
The Skulls,Thriller,2000,5.8,106,1,Canada
The Theory of Everything,Drama,2014,7.8,123,7,United Kingdom
Malibu's Most Wanted,Comedy,2003,4.7,86,1,United States of America
Where the Heart Is,Comedy,2000,6.9,120,1,United States of America
Lawrence of Arabia,Action,1962,7.8,216,5,United Kingdom
Halloween II,Horror,2009,5.1,105,1,United States of America
Wild,Drama,2014,7.0,115,5,United States of America
The Last House on the Left,Thriller,2009,6.2,110,2,United States of America
The Wedding Date,Comedy,2005,6.2,88,1,United States of America
Halloween: Resurrection,Horror,2002,4.5,94,1,United States of America
The Princess Bride,Action,1987,7.6,98,5,United States of America
The Great Debaters,Drama,2007,6.9,126,1,United States of America
Drive,Drama,2011,7.4,100,6,United States of America
Confessions of a Teenage Drama Queen,Comedy,2004,5.1,89,1,Germany
The Object of My Affection,Comedy,1998,5.6,111,1,United States of America
28 Weeks Later,Horror,2007,6.5,100,4,Spain
When the Game Stands Tall,Drama,2014,6.3,115,1,United States of America
Because of Winn-Dixie,Comedy,2005,6.1,106,1,United States of America
Love & Basketball,Action,2000,7.4,124,1,United States of America
Grosse Pointe Blank,Action,1997,6.9,107,2,United States of America
All About Steve,Comedy,2009,4.7,99,2,United States of America
Book of Shadows: Blair Witch 2,Thriller,2000,4.3,90,1,United States of America
The Craft,Drama,1996,6.3,101,2,United States of America
Match Point,Drama,2005,7.3,124,4,Ireland
Ramona and Beezus,Comedy,2010,6.1,103,1,United States of America
The Remains of the Day,Drama,1993,7.5,134,2,United Kingdom
Boogie Nights,Drama,1997,7.5,155,2,United States of America
Nowhere to Run,Action,1993,5.5,94,1,United States of America
Flicka,Drama,2006,6.1,95,1,United Kingdom
The Hills Have Eyes 2,Horror,2007,5.2,89,2,United States of America
Urban Legends: Final Cut,Horror,2000,4.4,97,1,Canada
Tuck Everlasting,Drama,2002,6.4,90,1,United States of America
The Marine,Action,2006,5.0,92,1,United States of America
Keanu,Action,2016,6.0,94,2,United States of America
Country Strong,Drama,2010,5.9,117,1,United States of America
Disturbing Behavior,Thriller,1998,5.5,84,1,Australia
The Place Beyond the Pines,Drama,2013,6.8,140,4,United States of America
The November Man,Thriller,2014,6.0,108,5,United Kingdom
Eye of the Beholder,Drama,1999,5.3,109,1,Australia
The Hurt Locker,Drama,2008,7.2,131,5,United States of America
Firestarter,Drama,1984,5.9,114,1,United States of America
Killing Them Softly,Thriller,2012,5.8,97,3,United States of America
A Most Wanted Man,Thriller,2014,6.5,121,3,United Kingdom
Freddy Got Fingered,Comedy,2001,4.6,87,1,United States of America
VeggieTales: The Pirates Who Don't Do Anything,Action,2008,5.9,85,1,United States of America
U2 3D,Comedy,2007,6.7,85,1,United States of America
Highlander: Endgame,Action,2000,4.4,87,1,United States of America
Idlewild,Thriller,2006,5.1,121,1,United States of America
One Day,Drama,2011,7.0,107,2,United Kingdom
Whip It,Drama,2009,6.7,111,2,United States of America
Knockaround Guys,Thriller,2001,5.9,92,1,United States of America
Confidence,Action,2003,6.4,97,1,Canada
The Muse,Drama,1999,5.3,97,1,United States of America
De-Lovely,Drama,2004,6.3,125,1,United Kingdom
New York Stories,Comedy,1989,6.2,124,1,United States of America
Barney's Great Adventure,Comedy,1998,2.9,76,1,United States of America
The Man with the Iron Fists,Action,2012,5.2,96,2,Hong Kong
Home Fries,Drama,1998,4.8,93,1,United States of America
Here On Earth,Romance,2000,5.4,96,1,United States of America
Brazil,Comedy,1985,7.5,132,5,United Kingdom
Raise Your Voice,Comedy,2004,6.0,103,1,United States of America
The Big Lebowski,Comedy,1998,7.8,117,6,United Kingdom
Black Snake Moan,Drama,2006,6.6,116,1,United States of America
Dark Blue,Action,2002,6.5,118,1,Germany
A Mighty Heart,Drama,2007,6.7,100,1,France
Whatever It Takes,Drama,2000,5.0,94,1,United States of America
Boat Trip,Comedy,2002,4.7,94,1,Germany
The Importance of Being Earnest,Comedy,2002,6.7,97,1,France
The Love Letter,Comedy,1998,4.7,98,1,Unknown
Hoot,Drama,2006,5.5,91,1,United States of America
In Bruges,Comedy,2008,7.4,107,3,United Kingdom
Peeples,Comedy,2013,5.6,95,1,United States of America
The Rocker,Comedy,2008,5.6,102,2,United States of America
Post Grad,Comedy,2009,5.0,89,1,United States of America
Promised Land,Drama,2012,6.0,106,2,United Arab Emirates
Whatever Works,Comedy,2009,6.8,92,2,France
The In Crowd,Thriller,2000,4.7,105,1,United States of America
The Three Burials of Melquiades Estrada,Action,2005,7.0,121,1,United States of America
Jakob the Liar,Comedy,1999,6.0,120,1,France
Kiss Kiss Bang Bang,Action,2005,7.2,103,4,United States of America
Idle Hands,Thriller,1999,6.1,92,1,United States of America
Mulholland Drive,Thriller,2001,7.6,147,4,France
Blood and Chocolate,Drama,2007,5.4,98,1,Romania
You Will Meet a Tall Dark Stranger,Comedy,2010,5.8,98,1,United States of America
Never Let Me Go,Drama,2010,6.8,104,4,United Kingdom
The Company,Drama,2007,7.0,276,1,Unknown
Transsiberian,Thriller,2008,6.5,111,1,Germany
The Clan of the Cave Bear,Action,1986,4.8,98,1,United States of America
Crazy in Alabama,Comedy,1999,6.5,111,1,United States of America
Funny Games,Horror,2007,6.3,112,2,Austria
Listening,Drama,2015,5.5,100,1,United States of America
Felicia's Journey,Drama,1999,6.6,116,1,Canada
Metropolis,Drama,1927,8.0,153,4,Germany
District B13,Action,2004,6.5,84,2,France
Things to Do in Denver When You're Dead,Drama,1995,6.7,116,1,United States of America
The Assassin,Action,2015,6.6,105,1,China
Buffalo Soldiers,Drama,2001,6.5,98,1,Germany
The Return,Thriller,2003,7.4,105,1,Russia
Ong Bak 2,Action,2008,6.0,98,1,Thailand
Centurion,Action,2010,5.9,97,3,France
Silent Trigger,Drama,1996,5.0,93,1,Canada
The Midnight Meat Train,Thriller,2008,6.0,98,2,United States of America
Winnie Mandela,Drama,2011,5.2,107,1,Unknown
The Son of No One,Drama,2011,4.8,90,1,United States of America
All The Queen's Men,Action,2001,6.1,99,1,Austria
The Good Night,Comedy,2007,5.7,93,1,Germany
Bathory: Countess of Blood,Drama,2008,5.6,141,1,Czech Republic
Khumba,Comedy,2013,5.8,85,1,South Africa
Automata,Thriller,2014,5.6,110,6,Spain
Dungeons & Dragons: Wrath of the Dragon God,Action,2005,4.8,105,1,Germany
Chiamatemi Francesco - Il Papa della gente,Drama,2015,7.3,103,1,Italy
Shinjuku Incident,Drama,2009,6.7,119,1,Hong Kong
Pandaemonium,Drama,2001,4.5,124,1,United Kingdom
Groundhog Day,Romance,1993,7.4,101,6,United States of America
Magic Mike XXL,Comedy,2015,6.3,115,3,United States of America
Romeo + Juliet,Drama,1996,6.7,120,5,United States of America
Sarah's Key,Drama,2010,7.2,111,1,France
Freedom,Drama,2014,5.8,98,1,United States of America
Unforgiven,Drama,1992,7.7,131,4,United States of America
Manderlay,Drama,2005,6.9,139,1,Denmark
Slumdog Millionaire,Drama,2008,7.6,120,7,India
Fatal Attraction,Drama,1987,6.6,119,2,United States of America
Pretty Woman,Romance,1990,7.0,119,5,United States of America
Crocodile Dundee II,Action,1988,5.5,110,2,Australia
Broken Horses,Thriller,2015,5.0,101,1,United States of America
Born on the Fourth of July,Drama,1989,6.7,145,3,United States of America
Cool Runnings,Comedy,1993,6.8,98,3,United States of America
My Bloody Valentine,Thriller,2009,5.3,101,2,United States of America
Stomp the Yard,Drama,2007,6.1,114,1,United States of America
The Spy Who Loved Me,Action,1977,6.6,125,3,United Kingdom
Urban Legend,Horror,1998,5.6,99,1,Canada
Good Deeds,Comedy,2012,6.2,111,1,United States of America
White Fang,Action,1991,6.5,107,2,United States of America
Superstar,Comedy,1999,5.1,81,1,Canada
The Iron Lady,Drama,2011,6.2,105,3,France
Jonah: A VeggieTales Movie,Action,2002,6.4,82,1,United States of America
Poetic Justice,Drama,1993,6.9,109,1,United States of America
All About the Benjamins,Action,2002,5.8,95,1,United States of America
Vampire in Brooklyn,Comedy,1995,4.5,100,1,United States of America
Exorcist II: The Heretic,Horror,1977,4.5,118,1,United States of America
An American Haunting,Horror,2005,5.3,83,1,United Kingdom
My Boss's Daughter,Comedy,2003,4.4,83,2,United States of America
A Perfect Getaway,Thriller,2009,6.2,98,2,United States of America
Our Family Wedding,Comedy,2010,5.7,103,1,United States of America
Dead Man on Campus,Comedy,1998,5.6,96,1,United States of America
Tea with Mussolini,Comedy,1999,5.8,117,1,United Kingdom
Thinner,Horror,1996,5.5,92,1,United States of America
"New York, New York",Drama,1977,6.1,155,1,United States of America
Crooklyn,Comedy,1994,6.7,115,1,United States of America
I Think I Love My Wife,Comedy,2007,5.0,90,1,India
Jason X,Horror,2001,4.5,91,1,United States of America
Bobby,Drama,2006,6.4,120,1,United States of America
Head Over Heels,Comedy,2001,5.3,86,1,United States of America
Fun Size,Comedy,2012,5.5,87,1,United States of America
The Diving Bell and the Butterfly,Drama,2007,7.4,112,2,France
Little Children,Romance,2006,6.9,136,1,United States of America
Gossip,Drama,2000,5.5,90,1,United States of America
A Walk on the Moon,Drama,1999,6.2,107,1,Australia
Catch a Fire,Action,2006,6.4,101,1,France
Soul Survivors,Horror,2001,4.4,84,1,United States of America
Jefferson in Paris,Drama,1995,5.2,139,1,United States of America
Easy Virtue,Comedy,2008,6.3,93,1,Canada
Caravans,Action,1978,5.8,127,1,United States of America
Mr. Turner,Drama,2014,6.3,150,1,United Kingdom
Wild Grass,Drama,2009,5.8,104,1,France
Amen.,Drama,2002,7.1,132,1,France
Reign of Assassins,Drama,2010,6.7,117,1,China
The Lucky Ones,Comedy,2008,6.3,113,1,United States of America
Margaret,Drama,2011,6.1,149,1,United States of America
Stan Helsing,Comedy,2009,4.0,90,1,Canada
Flipped,Romance,2010,7.4,89,3,United States of America
Brokeback Mountain,Drama,2005,7.5,134,5,Canada
Clueless,Comedy,1995,6.9,97,2,United States of America
Far from Heaven,Drama,2002,6.9,107,1,United States of America
Hot Tub Time Machine 2,Comedy,2015,5.0,93,2,United States of America
Quills,Drama,2000,6.8,124,1,Germany
Seven Psychopaths,Comedy,2012,6.7,110,4,United Kingdom
The Caveman's Valentine,Drama,2001,6.0,105,1,United States of America
Downfall,Drama,2004,7.7,156,4,Austria
The Sea Inside,Drama,2004,7.2,125,2,Spain
Under the Skin,Thriller,2014,6.0,108,3,United Kingdom
"Good Morning, Vietnam",Comedy,1987,7.1,121,2,United States of America
The Last Godfather,Action,2010,4.7,100,1,Unknown
Justin Bieber: Never Say Never,Drama,2011,4.8,105,1,United States of America
Black Swan,Drama,2010,7.3,108,10,United States of America
The Godfather: Part II,Drama,1974,8.3,200,12,United States of America
Save the Last Dance,Drama,2001,6.3,112,1,United States of America
A Nightmare on Elm Street 4: The Dream Master,Horror,1988,5.8,99,2,United States of America
Miracles from Heaven,Drama,2016,6.7,117,1,United States of America
"Dude, Where’s My Car?",Comedy,2000,5.2,83,3,United States of America
Young Guns,Thriller,1988,6.6,107,1,United States of America
St. Vincent,Comedy,2014,7.1,102,5,United States of America
About Last Night,Comedy,2014,6.0,100,1,United States of America
10 Things I Hate About You,Comedy,1999,7.3,97,6,United States of America
The New Guy,Comedy,2002,5.7,88,2,United States of America
National Lampoon's Loaded Weapon 1,Comedy,1993,5.7,84,1,United States of America
The Shallows,Horror,2016,6.2,86,7,United States of America
The Butterfly Effect,Sci-Fi,2004,7.3,113,8,Canada
Snow Day,Comedy,2000,4.8,89,1,United States of America
This Christmas,Comedy,2007,7.1,117,1,United States of America
Baby Geniuses,Sci-Fi,1999,3.3,97,1,United States of America
The Big Hit,Action,1998,6.1,91,1,United States of America
Harriet the Spy,Comedy,1996,5.7,100,1,United States of America
Child's Play 2,Drama,1990,5.8,84,2,United States of America
No Good Deed,Thriller,2014,5.6,83,3,United States of America
The Mist,Sci-Fi,2007,6.7,126,4,United States of America
Ex Machina,Drama,2015,7.6,108,11,United Kingdom
Being John Malkovich,Drama,1999,7.3,112,3,United States of America
Two Can Play That Game,Comedy,2001,6.6,90,1,United States of America
Earth to Echo,Comedy,2014,5.7,89,2,United States of America
Crazy/Beautiful,Drama,2001,6.6,99,1,United States of America
Letters from Iwo Jima,Action,2006,7.2,141,3,Japan
The Astronaut Farmer,Action,2006,6.2,104,1,United States of America
Woo,Comedy,1998,5.5,84,1,United States of America
Room,Drama,2015,8.1,117,8,Canada
Dirty Work,Comedy,1998,6.5,82,1,Canada
Serial Mom,Comedy,1994,6.4,95,1,United States of America
Dick,Comedy,1999,5.7,94,1,Canada
Light It Up,Drama,1999,6.6,99,1,United States of America
54,Comedy,1998,5.5,106,1,United States of America
Bubble Boy,Action,2001,5.1,84,1,United States of America
Birthday Girl,Comedy,2001,6.1,93,1,United Kingdom
21 & Over,Comedy,2013,5.7,93,4,United States of America
"Paris, je t'aime",Drama,2006,6.8,120,1,France
Resurrecting the Champ,Drama,2007,5.9,112,1,United States of America
Admission,Comedy,2013,5.4,107,2,United States of America
The Widow of Saint-Pierre,Romance,2000,6.7,112,1,France
Chloe,Drama,2009,5.9,96,3,France
Faithful,Comedy,1996,4.8,91,1,United States of America
Find Me Guilty,Drama,2006,6.5,125,1,Germany
The Perks of Being a Wallflower,Drama,2012,7.7,102,5,United States of America
Excessive Force,Action,1993,4.5,87,1,United States of America
Infamous,Drama,2006,6.4,110,1,United States of America
The Claim,Drama,2000,5.6,120,1,United Kingdom
The Vatican Tapes,Thriller,2015,4.6,91,1,United States of America
Attack the Block,Action,2011,6.3,88,4,United Kingdom
In the Land of Blood and Honey,Drama,2011,5.8,127,1,United States of America
The Call,Thriller,2013,6.6,94,4,United States of America
Operation Chromite,Drama,2016,5.8,110,1,South Korea
The Crocodile Hunter: Collision Course,Comedy,2002,5.3,90,1,Australia
I Love You Phillip Morris,Comedy,2009,6.4,98,2,United States of America
Quest for Fire,Action,1981,7.1,100,1,Canada
Antwone Fisher,Drama,2002,6.7,120,2,United States of America
The Emperor's Club,Drama,2002,6.9,108,1,United States of America
True Romance,Action,1993,7.5,120,4,United States of America
Womb,Romance,2010,5.9,111,1,Germany
Glengarry Glen Ross,Thriller,1992,7.5,100,2,United States of America
The Killer Inside Me,Thriller,2010,6.0,109,1,United States of America
Cat People,Drama,1982,6.0,118,1,United States of America
Sorority Row,Horror,2009,5.4,101,1,United States of America
The Prisoner of Zenda,Action,1937,8.4,101,1,United States of America
Lars and the Real Girl,Comedy,2007,7.1,106,2,United States of America
The Boy in the Striped Pyjamas,Drama,2008,7.7,94,4,United Kingdom
Dancer in the Dark,Drama,2000,7.6,140,3,Argentina
Oscar and Lucinda,Drama,1997,6.2,132,1,Australia
The Funeral,Thriller,1996,7.3,99,1,United States of America
Solitary Man,Comedy,2009,5.8,90,1,United States of America
Machete,Action,2010,6.3,105,3,United States of America
Casino Jack,Thriller,2010,6.0,108,1,Canada
The Land Before Time,Comedy,1988,7.0,69,3,Ireland
Tae Guk Gi: The Brotherhood of War,Action,2004,7.4,140,1,South Korea
The Perfect Game,Drama,2010,6.3,118,1,United States of America
The Exorcist,Drama,1973,7.5,122,5,United States of America
Jaws,Horror,1975,7.5,124,6,United States of America
American Pie,Comedy,1999,6.4,95,7,United States of America
Ernest & Celestine,Comedy,2012,7.6,78,1,Belgium
The Golden Child,Action,1986,5.6,94,2,United States of America
Think Like a Man,Comedy,2012,6.9,122,1,United States of America
Barbershop,Comedy,2002,6.2,102,1,United States of America
Star Trek II: The Wrath of Khan,Action,1982,7.3,113,3,United States of America
Ace Ventura: Pet Detective,Comedy,1994,6.4,86,5,United States of America
WarGames,Thriller,1983,7.0,114,3,United States of America
Witness,Thriller,1985,7.0,113,2,United States of America
Act of Valor,Action,2012,6.3,110,3,United States of America
Step Up,Comedy,2006,6.7,104,5,United States of America
Beavis and Butt-Head Do America,Comedy,1996,6.5,81,1,United States of America
Jackie Brown,Comedy,1997,7.3,154,5,United States of America
Harold & Kumar Escape from Guantanamo Bay,Comedy,2008,6.2,107,3,United States of America
Chronicle,Sci-Fi,2012,6.6,84,7,United States of America
Yentl,Comedy,1983,6.2,132,1,United Kingdom
Time Bandits,Comedy,1981,6.6,116,2,United Kingdom
Crossroads,Action,2002,4.7,93,1,United States of America
Project X,Comedy,2012,6.5,88,6,United States of America
Patton,Drama,1970,7.3,172,3,United States of America
One Hour Photo,Horror,2002,6.6,96,2,United States of America
Quarantine,Horror,2008,5.5,89,1,United States of America
The Eye,Drama,2008,5.5,98,1,United States of America
Johnson Family Vacation,Comedy,2004,4.7,97,1,United States of America
How High,Comedy,2001,6.3,93,1,United States of America
The Muppet Christmas Carol,Comedy,1992,7.2,85,2,United States of America
Frida,Drama,2002,7.3,123,2,Mexico
Katy Perry: Part of Me,Drama,2012,6.5,93,1,United States of America
The Fault in Our Stars,Romance,2014,7.6,125,8,United States of America
Rounders,Drama,1998,6.9,121,2,United States of America
Top Five,Drama,2014,6.3,102,2,United States of America
Prophecy,Horror,1979,5.4,102,1,United States of America
Stir of Echoes,Horror,1999,6.5,99,1,United States of America
Philomena,Drama,2013,7.4,98,3,United Kingdom
The Upside of Anger,Comedy,2005,6.4,118,1,United States of America
The Boys from Brazil,Horror,1978,6.6,125,1,United Kingdom
Aquamarine,Drama,2006,5.8,104,2,Australia
Paper Towns,Drama,2015,6.1,109,7,United States of America
My Baby's Daddy,Comedy,2004,4.3,86,1,United States of America
Nebraska,Drama,2013,7.4,115,3,United States of America
Tales from the Crypt: Demon Knight,Horror,1995,6.7,92,1,United States of America
Max Keeble's Big Move,Comedy,2001,5.4,86,1,United States of America
Young Adult,Comedy,2011,5.6,94,2,United States of America
Crank,Action,2006,6.6,88,5,United States of America
Def Jam's How to Be a Player,Comedy,1997,5.3,93,1,United States of America
Living Out Loud,Comedy,1998,5.3,100,1,United States of America
Just Wright,Comedy,2010,6.1,100,1,United States of America
Rachel Getting Married,Drama,2008,6.1,113,2,United States of America
The Postman Always Rings Twice,Romance,1981,6.4,122,1,Germany
Girl with a Pearl Earring,Drama,2003,6.4,101,2,United Kingdom
Das Boot,Action,1981,7.9,149,3,Germany
Sorority Boys,Comedy,2002,4.6,93,1,United States of America
About Time,Comedy,2013,7.8,123,9,United Kingdom
House of Flying Daggers,Action,2004,7.1,119,2,China
Arbitrage,Drama,2012,6.1,100,2,United States of America
Project Almanac,Sci-Fi,2015,6.4,106,4,United States of America
Cadillac Records,Drama,2008,6.9,109,2,United States of America
Screwed,Action,2000,4.9,81,1,Unknown
Fortress,Action,1992,5.7,95,1,Australia
For Your Consideration,Comedy,2006,5.9,86,1,United States of America
Celebrity,Drama,1998,6.0,113,1,United States of America
Running with Scissors,Drama,2006,5.8,116,1,United States of America
From Justin to Kelly,Comedy,2003,3.0,90,1,United States of America
Girl 6,Comedy,1996,5.7,108,1,United States of America
In the Cut,Thriller,2003,4.6,119,1,Australia
Two Lovers,Drama,2008,6.6,110,1,France
Last Orders,Comedy,2001,6.0,109,1,Germany
The Pursuit of D.B. Cooper,Action,1981,6.8,100,1,United States of America
Ravenous,Comedy,1999,6.9,100,1,Czech Republic
Charlie Bartlett,Comedy,2008,6.5,97,1,United States of America
The Great Beauty,Comedy,2013,7.3,142,4,Italy
The Dangerous Lives of Altar Boys,Comedy,2002,6.4,104,1,United States of America
Stoker,Drama,2013,6.5,99,3,United States of America
2046,Drama,2004,6.9,129,1,Germany
Married Life,Thriller,2007,6.1,90,1,Canada
Duma,Action,2005,6.9,100,1,South Africa
Ondine,Drama,2009,6.5,111,1,Ireland
Brother,Thriller,2000,6.8,114,1,United Kingdom
Welcome to Collinwood,Comedy,2002,6.2,86,1,Germany
Critical Care,Comedy,1997,6.1,107,1,United States of America
The Life Before Her Eyes,Thriller,2007,6.1,90,1,United States of America
Darling Companion,Drama,2012,5.3,103,1,United States of America
Trade,Drama,2007,6.8,120,1,Germany
Fateless,Drama,2005,6.5,140,1,Hungary
Breakfast of Champions,Comedy,1999,5.2,110,1,United States of America
"A Woman, a Gun and a Noodle Shop",Comedy,2009,4.8,95,1,China
Cypher,Thriller,2002,6.7,95,1,United States of America
City of Life and Death,Drama,2009,7.6,132,1,China
Legend of a Rabbit,Comedy,2011,3.0,89,1,Unknown
Space Battleship Yamato,Sci-Fi,2010,6.3,131,1,Japan
5 Days of War,Drama,2011,5.8,113,1,United States of America
Triangle,Horror,2009,6.9,99,3,Australia
10 Days in a Madhouse,Drama,2015,4.3,111,1,United States of America
Heaven is for Real,Drama,2014,6.0,99,1,United States of America
Snatch,Thriller,2000,7.7,103,6,United Kingdom
Dancin' It's On,Drama,2015,4.3,89,1,United States of America
Pet Sematary,Drama,1989,6.4,103,2,United States of America
Madadayo,Drama,1993,7.5,134,1,Japan
The Cry of the Owl,Drama,2009,5.5,101,1,Canada
A Tale of Three Cities,Drama,2015,6.3,130,1,Hong Kong
Gremlins,Drama,1984,6.9,106,5,United States of America
Star Wars,Action,1977,8.1,121,14,United States of America
Dirty Grandpa,Comedy,2016,5.7,102,6,United States of America
Doctor Zhivago,Drama,1965,7.4,197,1,Italy
Trash,Action,2014,7.1,112,2,Brazil
High School Musical 3: Senior Year,Comedy,2008,6.2,116,2,United States of America
The Fighter,Drama,2010,7.2,116,4,United States of America
Jackass Number Two,Action,2006,6.4,95,1,United States of America
My Cousin Vinny,Comedy,1992,7.3,120,2,United States of America
If I Stay,Drama,2014,7.3,106,4,United States of America
Drive Hard,Action,2014,3.9,96,1,Australia
Major League,Comedy,1989,6.6,107,1,United States of America
St. Trinian's,Comedy,2007,5.6,101,1,United Kingdom
Phone Booth,Thriller,2002,6.7,81,4,United States of America
A Walk to Remember,Drama,2002,7.5,101,4,United States of America
Dead Man Walking,Drama,1995,7.3,122,2,United States of America
Cruel Intentions,Drama,1999,6.6,97,3,United States of America
Saw VI,Horror,2009,6.0,90,4,Australia
History of the World: Part I,Comedy,1981,6.5,92,2,United States of America
The Secret Life of Bees,Action,2008,7.4,114,1,United States of America
Corky Romano,Action,2001,4.1,86,1,United States of America
Raising Cain,Drama,1992,5.9,91,1,United States of America
F.I.S.T.,Drama,1978,6.4,145,1,United States of America
Invaders from Mars,Sci-Fi,1986,5.5,100,1,United States of America
Brooklyn,Drama,2015,7.2,111,4,Canada
Barry Lyndon,Drama,1975,7.7,184,3,United Kingdom
Out Cold,Comedy,2001,5.8,89,1,United States of America
The Ladies Man,Comedy,2000,5.7,84,1,United States of America
Quartet,Drama,2012,6.3,98,1,United Kingdom
Tomcats,Comedy,2001,4.9,95,1,United States of America
Frailty,Drama,2001,7.0,100,2,Germany
Woman in Gold,Drama,2015,7.3,120,2,United Kingdom
Kinsey,Drama,2004,6.6,118,1,Germany
Army of Darkness,Drama,1992,7.3,81,4,United States of America
Slackers,Comedy,2002,5.4,86,1,Canada
What's Eating Gilbert Grape,Romance,1993,7.5,118,4,United States of America
The Visual Bible: The Gospel of John,Drama,2003,8.2,125,1,Canada
Vera Drake,Thriller,2004,6.8,125,1,United Kingdom
The Guru,Comedy,2002,5.1,91,1,France
The Perez Family,Comedy,1995,6.6,113,1,United States of America
Inside Llewyn Davis,Drama,2013,7.2,105,4,United States of America
O,Drama,2001,5.8,95,1,United States of America
Return to the Blue Lagoon,Drama,1991,5.1,98,1,Fiji
The Molly Maguires,Drama,1970,5.9,124,1,United States of America
Romance & Cigarettes,Comedy,2005,6.0,105,1,United States of America
Copying Beethoven,Drama,2006,6.2,104,1,Germany
Brighton Rock,Drama,2010,5.6,111,1,United Kingdom
Saw V,Horror,2008,5.9,92,4,United States of America
Machine Gun McCain,Drama,1969,7.3,116,1,Italy
LOL,Drama,2012,5.9,97,4,United States of America
Jindabyne,Thriller,2006,5.7,123,1,Australia
Kabhi Alvida Naa Kehna,Drama,2006,6.1,193,1,India
An Ideal Husband,Drama,1999,6.3,97,1,United Kingdom
The Last Days on Mars,Sci-Fi,2013,5.2,98,2,Ireland
Darkness,Horror,2002,5.6,102,1,Spain
2001: A Space Odyssey,Sci-Fi,1968,7.9,149,10,United States of America
E.T. the Extra-Terrestrial,Sci-Fi,1982,7.3,115,6,United States of America
In the Land of Women,Romance,2007,5.8,97,1,United States of America
The Blue Butterfly,Action,2004,6.8,97,1,Canada
There Goes My Baby,Drama,1994,8.5,99,1,United States of America
Housefull,Drama,2010,5.2,135,1,India
September Dawn,Drama,2007,5.0,110,1,Canada
For Greater Glory - The True Story of Cristiada,Drama,2012,6.4,145,1,Mexico
The Bélier Family,Comedy,2014,7.0,105,3,France
Good Will Hunting,Drama,1997,7.9,126,5,Canada
Misconduct,Drama,2016,5.3,106,1,United States of America
Saw III,Horror,2006,6.1,108,4,United States of America
Stripes,Action,1981,6.5,106,1,United States of America
Bring It On,Comedy,2000,5.8,98,2,United States of America
The Purge: Election Year,Action,2016,6.1,105,6,France
She's All That,Comedy,1999,5.7,95,1,United States of America
Saw IV,Horror,2007,5.9,93,3,United States of America
White Noise,Drama,2005,5.6,101,2,Canada
Madea's Family Reunion,Drama,2006,6.0,110,1,United States of America
The Color of Money,Drama,1986,6.7,119,2,United States of America
The Longest Day,Action,1962,7.2,178,2,United States of America
The Mighty Ducks,Comedy,1992,6.4,101,1,United States of America
The Grudge,Horror,2004,5.8,92,4,Japan
Happy Gilmore,Comedy,1996,6.5,92,3,United States of America
Jeepers Creepers,Horror,2001,6.1,90,3,Germany
Bill & Ted's Excellent Adventure,Action,1989,6.7,90,3,United States of America
Oliver!,Drama,1968,7.0,153,1,United Kingdom
The Best Exotic Marigold Hotel,Drama,2011,6.9,124,2,United Arab Emirates
Recess: School's Out,Sci-Fi,2001,6.6,83,1,United States of America
Mad Max Beyond Thunderdome,Action,1985,5.9,107,4,Australia
Commando,Action,1985,6.4,90,4,United States of America
The Boy,Horror,2016,5.8,97,4,United States of America
Devil,Horror,2010,5.8,80,4,United States of America
Friday After Next,Comedy,2002,6.0,85,1,United States of America
Insidious: Chapter 3,Drama,2015,6.2,97,5,Canada
The Last Dragon,Action,1985,6.4,108,1,United States of America
The Lawnmower Man,Horror,1992,5.4,108,1,United Kingdom
Nick and Norah's Infinite Playlist,Comedy,2008,6.4,89,2,United States of America
Dogma,Drama,1999,6.8,130,2,United States of America
The Banger Sisters,Comedy,2002,5.5,98,1,United States of America
Twilight Zone: The Movie,Drama,1983,6.2,101,1,United States of America
Road House,Action,1989,6.3,114,1,United States of America
A Low Down Dirty Shame,Action,1994,6.0,100,1,United States of America
Swimfan,Drama,2002,5.0,84,1,United States of America
Employee of the Month,Comedy,2006,5.3,103,1,United States of America
Can't Hardly Wait,Comedy,1998,6.1,100,1,United States of America
The Outsiders,Thriller,1983,6.9,91,2,United States of America
Pete's Dragon,Action,2016,6.2,102,4,United States of America
The Dead Zone,Horror,1983,6.9,103,2,United States of America
Sinister 2,Horror,2015,5.4,97,3,United States of America
Sparkle,Drama,2012,5.8,116,1,United States of America
Valentine,Horror,2001,5.0,96,1,United States of America
The Fourth Kind,Thriller,2009,5.8,98,3,United States of America
A Prairie Home Companion,Drama,2006,6.4,105,1,United States of America
Sugar Hill,Drama,1994,5.2,123,1,United States of America
Invasion U.S.A.,Action,1985,5.3,107,1,United States of America
Roll Bounce,Comedy,2005,6.1,112,1,United States of America
Rushmore,Comedy,1998,7.5,93,2,United States of America
Skyline,Sci-Fi,2010,4.7,100,3,United States of America
The Second Best Exotic Marigold Hotel,Drama,2015,6.3,122,2,United Kingdom
Kit Kittredge: An American Girl,Comedy,2008,6.4,101,1,United States of America
The Perfect Man,Comedy,2005,5.5,100,1,United States of America
Mo' Better Blues,Drama,1990,6.3,129,1,United States of America
Kung Pow: Enter the Fist,Action,2002,6.1,81,1,Hong Kong
Tremors,Action,1990,6.6,96,4,United States of America
Wrong Turn,Horror,2003,6.0,84,4,Germany
The Long Riders,Drama,1980,6.6,99,1,United States of America
The Corruptor,Action,1999,6.0,110,1,United States of America
Mud,Drama,2013,7.0,130,2,United States of America
Reno 911!: Miami,Action,2007,5.6,84,1,United States of America
One Direction: This Is Us,Drama,2013,8.0,92,1,United States of America
"The Goods: Live Hard, Sell Hard",Comedy,2009,5.4,90,1,United States of America
Hey Arnold! The Movie,Comedy,2002,5.6,76,1,United States of America
My Week with Marilyn,Drama,2011,6.6,99,2,United Kingdom
The Matador,Action,2005,6.2,96,1,Germany
Love Jones,Comedy,1997,8.1,104,1,United States of America
The Gift,Thriller,2015,6.7,108,3,United States of America
End of the Spear,Action,2005,6.1,108,1,United States of America
Get Over It,Comedy,2001,5.5,87,1,United States of America
Office Space,Comedy,1999,7.4,89,2,United States of America
Drop Dead Gorgeous,Comedy,1999,6.4,98,1,United States of America
Big Eyes,Drama,2014,6.8,105,3,Canada
Very Bad Things,Comedy,1998,6.2,100,1,United States of America
Sleepover,Comedy,2004,5.3,89,1,United States of America
Body Double,Thriller,1984,6.4,114,1,United States of America
MacGruber,Action,2010,5.1,90,2,United States of America
Dirty Pretty Things,Thriller,2002,6.8,97,1,United Kingdom
Movie 43,Comedy,2013,4.4,90,4,United States of America
Over Her Dead Body,Comedy,2008,5.3,95,1,United States of America
Seeking a Friend for the End of the World,Comedy,2012,6.3,101,4,United States of America
Cedar Rapids,Comedy,2011,5.9,87,1,United States of America
American History X,Drama,1998,8.2,119,8,United States of America
The Collection,Horror,2012,5.9,94,2,United States of America
Teacher's Pet,Comedy,2004,5.5,74,1,United States of America
The Red Violin,Drama,1998,7.3,131,1,Canada
The Straight Story,Drama,1999,7.7,112,2,United States of America
Deuces Wild,Action,2002,5.5,96,1,Germany
Bad Words,Comedy,2013,6.4,88,2,United States of America
"Run, Fatboy, Run",Comedy,2007,6.2,100,2,United Kingdom
Heartbeeps,Comedy,1981,3.8,79,1,United States of America
Black or White,Drama,2014,6.5,121,1,United States of America
On the Line,Comedy,2001,4.1,85,1,United States of America
Rescue Dawn,Action,2006,6.9,126,2,United States of America
Danny Collins,Comedy,2015,6.6,107,2,United States of America
"Jeff, Who Lives at Home",Drama,2011,6.1,83,1,United States of America
I Am Love,Drama,2009,6.9,120,1,Italy
Atlas Shrugged Part II,Drama,2012,5.4,112,1,United States of America
Romeo Is Bleeding,Action,1993,5.7,100,1,United Kingdom
The Limey,Action,1999,6.6,89,1,United States of America
Crash,Drama,2004,7.2,112,3,Germany
The House of Mirth,Drama,2000,6.4,140,1,United Kingdom
Malone,Action,1987,6.8,92,1,United States of America
Peaceful Warrior,Drama,2006,7.3,120,1,Germany
Bucky Larson: Born to Be a Star,Comedy,2011,4.4,97,1,United States of America
Bamboozled,Comedy,2000,6.3,135,1,United States of America
The Forest,Horror,2016,4.8,95,2,United States of America
Sphinx,Action,1981,6.0,118,1,Netherlands
While We're Young,Comedy,2015,5.8,97,2,United States of America
A Better Life,Drama,2011,7.0,98,1,United States of America
Spider,Drama,2002,6.4,98,1,Canada
Gun Shy,Action,2000,5.4,101,1,United States of America
Nicholas Nickleby,Action,2002,6.8,132,1,United Kingdom
The Iceman,Thriller,2012,6.4,105,2,United States of America
Krrish,Action,2006,5.5,154,1,Unknown
Cecil B. Demented,Thriller,2000,6.2,87,1,France
Killer Joe,Thriller,2011,6.5,102,2,United States of America
The Joneses,Comedy,2009,6.1,96,2,United States of America
Owning Mahowny,Thriller,2003,6.8,104,1,Canada
The Brothers Solomon,Comedy,2007,4.9,93,1,United States of America
My Blueberry Nights,Drama,2007,6.0,111,1,China
Illuminata,Drama,1998,6.3,119,1,Spain
Swept Away,Comedy,2002,4.8,89,1,Italy
"War, Inc.",Action,2008,5.6,106,1,Bulgaria
Shaolin Soccer,Action,2001,6.6,113,2,China
The Brown Bunny,Drama,2004,5.5,93,1,France
The Swindle,Comedy,1997,6.4,105,1,France
Rosewater,Drama,2014,6.5,103,1,United States of America
The Chambermaid on the Titanic,Drama,1997,5.3,100,1,France
Coriolanus,Drama,2011,5.9,123,1,Italy
Imaginary Heroes,Comedy,2004,6.3,111,1,Belgium
High Heels and Low Lifes,Action,2001,6.4,86,1,United Kingdom
World's Greatest Dad,Comedy,2009,6.5,99,1,United States of America
Severance,Horror,2006,6.4,96,1,United Kingdom
Edmond,Drama,2005,6.0,82,1,United States of America
Welcome to the Rileys,Drama,2010,6.4,110,1,United States of America
Police Academy: Mission to Moscow,Comedy,1994,4.1,83,1,United States of America
Blood Done Sign My Name,Drama,2010,6.0,0,1,Unknown
Cinco de Mayo: La Batalla,Drama,2013,5.8,125,1,Mexico
Elsa & Fred,Comedy,2014,6.2,104,1,United States of America
"An Alan Smithee Film: Burn, Hollywood, Burn",Comedy,1998,3.0,86,1,United States of America
The Open Road,Comedy,2009,4.8,90,1,Unknown
The Good Guy,Comedy,2009,5.4,90,1,United States of America
Motherhood,Comedy,2009,4.7,90,1,United States of America
Free Style,Drama,2008,5.8,94,1,Canada
Strangerland,Drama,2015,5.1,111,1,Australia
Janky Promoters,Comedy,2009,7.0,85,1,United States of America
Blonde Ambition,Comedy,2007,3.9,93,1,United States of America
The Oxford Murders,Thriller,2008,5.7,107,1,Spain
The Reef,Drama,2010,5.4,94,1,Australia
Eulogy,Comedy,2004,6.4,91,1,Germany
White Noise 2: The Light,Thriller,2007,5.6,99,1,Canada
Beat the World,Comedy,2011,4.3,91,1,Canada
Fifty Dead Men Walking,Action,2008,6.1,117,1,Canada
Jungle Shuffle,Comedy,2014,6.5,85,1,Mexico
Adam Resurrected,Drama,2008,6.4,106,1,Germany
Of Horses and Men,Drama,2013,6.9,85,1,Norway
It's a Wonderful Afterlife,Comedy,2010,4.3,99,1,United Kingdom
The Devil's Tomb,Action,2009,4.0,90,1,United States of America
Partition,Drama,2007,6.4,116,1,Canada
Good Intentions,Comedy,2010,5.0,85,1,United States of America
"The Good, The Bad, The Weird",Action,2008,7.1,130,1,South Korea
Nurse 3-D,Horror,2013,4.9,99,1,United States of America
Gunless,Drama,2010,6.7,89,1,Canada
Adventureland,Comedy,2009,6.4,107,2,United States of America
The Lost City,Drama,2005,6.0,144,1,United States of America
Next Friday,Comedy,2000,6.4,98,1,United States of America
American Heist,Action,2014,4.3,94,1,Canada
You Only Live Twice,Action,1967,6.5,117,3,United Kingdom
Plastic,Drama,2014,6.1,102,1,United Kingdom
Amour,Drama,2012,7.5,127,2,France
Poltergeist III,Horror,1988,4.5,98,1,United States of America
Re-Kill,Horror,2015,4.9,87,1,United States of America
"It's a Mad, Mad, Mad, Mad World",Action,1963,7.0,163,2,United States of America
Volver,Comedy,2006,7.3,121,2,Spain
Heavy Metal,Comedy,1981,6.2,90,1,Canada
Gentlemen Broncos,Action,2009,6.2,89,1,United States of America
Richard III,Drama,1995,6.9,104,1,United Kingdom
Into the Grizzly Maze,Action,2015,5.1,94,1,Canada
Kites,Drama,2010,6.0,131,1,India
Melancholia,Drama,2011,7.0,136,4,Denmark
Red Dog,Drama,2011,7.1,92,1,Australia
Jab Tak Hai Jaan,Drama,2012,7.3,176,1,India
Alien,Horror,1979,7.9,117,11,United States of America
The Texas Chain Saw Massacre,Horror,1974,7.2,83,3,United States of America
The Runaways,Drama,2010,6.3,106,2,United States of America
Fiddler on the Roof,Drama,1971,7.4,181,1,United States of America
Thunderball,Action,1965,6.5,130,4,Bahamas
Detention,Horror,2011,5.7,93,1,United States of America
Loose Cannons,Comedy,2010,7.0,110,1,Italy
Set It Off,Drama,1996,6.9,118,1,United States of America
The Best Man,Drama,1999,6.8,120,1,United States of America
Child's Play,Horror,1988,6.3,87,3,United States of America
Sicko,Drama,2007,7.3,123,2,United States of America
The Purge: Anarchy,Horror,2014,6.6,104,9,France
Down to You,Comedy,2000,4.9,91,1,United States of America
Harold & Kumar Go to White Castle,Comedy,2004,6.6,88,2,United States of America
The Contender,Drama,2000,6.7,126,1,Germany
Boiler Room,Thriller,2000,6.5,118,1,United States of America
Trading Places,Comedy,1983,7.1,116,4,United States of America
Black Christmas,Horror,2006,4.8,84,1,Canada
Breakin' All the Rules,Comedy,2004,5.8,85,1,United States of America
Henry V,Drama,1989,7.4,137,1,United Kingdom
The Savages,Drama,2007,6.8,114,1,United States of America
Chasing Papi,Comedy,2003,6.3,80,1,United States of America
The Way of the Gun,Action,2000,6.4,119,1,United States of America
Igby Goes Down,Comedy,2002,6.5,97,1,United States of America
PCU,Comedy,1994,6.0,79,1,United States of America
The Ultimate Gift,Romance,2006,6.8,114,1,United States of America
The Ice Pirates,Action,1984,5.7,91,1,United States of America
Gracie,Drama,2007,6.0,97,1,United States of America
Trust the Man,Comedy,2005,5.5,103,1,United States of America
Hamlet 2,Comedy,2008,6.1,92,1,United States of America
Velvet Goldmine,Drama,1998,6.9,119,1,United Kingdom
The Wailing,Horror,2016,7.2,156,1,South Korea
Glee: The Concert Movie,Drama,2011,6.8,84,1,United States of America
The Legend of Suriyothai,Drama,2001,5.1,185,1,Thailand
Two Evil Eyes,Horror,1990,6.0,120,1,Italy
Barbecue,Comedy,2014,5.8,98,1,France
All or Nothing,Comedy,2002,7.0,128,1,France
Princess Kaiulani,Drama,2010,4.8,130,1,United States of America
Opal Dream,Drama,2006,6.1,86,1,Australia
Flame & Citron,Thriller,2008,6.8,130,1,Czech Republic
Undiscovered,Comedy,2005,4.5,97,1,United States of America
Red Riding: In the Year of Our Lord 1974,Thriller,2009,7.0,102,1,United Kingdom
The Girl on the Train,Drama,2009,5.6,105,1,France
Veronika Decides to Die,Drama,2009,5.8,103,1,United States of America
Crocodile Dundee,Action,1986,6.3,97,2,Australia
"Ultramarines: A Warhammer 40,000 Movie",Comedy,2010,5.2,76,1,United Kingdom
The I Inside,Thriller,2004,5.9,90,1,United Kingdom
Beneath Hill 60,Drama,2010,7.3,122,1,Australia
Polisse,Drama,2011,7.9,127,2,France
Awake,Thriller,2007,6.3,84,2,United States of America
Star Wars: Clone Wars: Volume 1,Action,2005,8.0,69,1,South Korea
Skin Trade,Thriller,2014,5.6,96,1,Canada
The Lost Boys,Horror,1987,6.8,97,3,United States of America
Crazy Heart,Drama,2009,6.8,112,2,United States of America
The Rose,Drama,1979,6.8,125,1,United States of America
Baggage Claim,Comedy,2013,5.6,96,1,United States of America
Barbarella,Sci-Fi,1968,5.7,98,2,United States of America
Shipwrecked,Action,1990,6.1,92,1,United States of America
Election,Comedy,1999,6.7,99,2,United States of America
The Namesake,Drama,2006,6.8,122,1,India
The DUFF,Romance,2015,6.8,100,5,United States of America
Glitter,Drama,2001,3.4,104,1,United States of America
The Haunting in Connecticut 2: Ghosts of Georgia,Horror,2013,5.6,101,1,United States of America
Silmido,Action,2003,6.6,135,1,South Korea
Bright Star,Drama,2009,6.8,119,1,United Kingdom
My Name Is Khan,Drama,2010,7.7,145,2,India
All Is Lost,Action,2013,6.6,106,3,United States of America
Limbo,Action,1999,7.0,126,1,Unknown
Namastey London,Drama,2007,6.6,128,1,Unknown
The Wind That Shakes the Barley,Drama,2006,7.1,124,1,Ireland
Yeh Jawaani Hai Deewani,Romance,2013,7.2,159,1,India
Quo Vadis,Drama,1951,7.0,171,1,United States of America
Repo! The Genetic Opera,Horror,2008,6.7,98,1,United States of America
Valley of the Wolves: Iraq,Action,2006,4.3,122,1,Turkey
Pulp Fiction,Thriller,1994,8.3,154,14,United States of America
The Muppet Movie,Action,1979,7.0,97,1,United States of America
Nightcrawler,Thriller,2014,7.6,117,10,United States of America
Club Dread,Comedy,2004,5.1,104,1,United States of America
The Sound of Music,Drama,1965,7.4,174,4,United States of America
Splash,Comedy,1984,6.1,111,2,United States of America
Little Miss Sunshine,Comedy,2006,7.5,102,2,United States of America
Stand by Me,Thriller,1986,7.8,89,6,United States of America
28 Days Later,Horror,2002,7.1,113,5,United Kingdom
You Got Served,Drama,2004,4.8,95,1,United States of America
Escape from Alcatraz,Thriller,1979,7.2,111,3,United States of America
Brown Sugar,Comedy,2002,7.0,109,1,Unknown
A Thin Line Between Love and Hate,Comedy,1996,5.7,108,1,United States of America
50/50,Comedy,2011,7.0,100,4,United States of America
Shutter,Horror,2008,5.3,85,1,United States of America
That Awkward Moment,Comedy,2014,6.1,94,4,United States of America
Modern Problems,Comedy,1981,5.6,89,1,Unknown
Kicks,Action,2016,7.5,80,1,United States of America
Much Ado About Nothing,Drama,1993,7.2,111,1,United Kingdom
On Her Majesty's Secret Service,Action,1969,6.5,142,3,United Kingdom
New Nightmare,Horror,1994,6.4,112,2,United States of America
Drive Me Crazy,Drama,1999,5.8,91,1,United States of America
Akeelah and the Bee,Drama,2006,6.7,112,1,United States of America
Half Baked,Comedy,1998,6.4,82,1,United States of America
New in Town,Comedy,2009,5.2,97,2,Canada
American Psycho,Thriller,2000,7.3,102,5,Canada
The Good Girl,Drama,2002,6.1,93,1,Netherlands
Bon Cop Bad Cop,Action,2006,6.5,116,1,Canada
The Boondock Saints II: All Saints Day,Action,2009,5.9,118,2,United States of America
The City of Your Final Destination,Drama,2009,5.7,114,1,United States of America
Enough Said,Comedy,2013,6.6,93,2,United States of America
Easy A,Comedy,2010,6.7,92,5,United States of America
The Inkwell,Comedy,1994,3.9,110,1,United States of America
Shadow of the Vampire,Drama,2000,6.6,92,1,United States of America
Prom,Comedy,2011,5.7,104,1,United States of America
The Pallbearer,Comedy,1996,4.6,97,1,United States of America
Held Up,Comedy,1999,4.9,89,1,United States of America
Woman on Top,Comedy,2000,5.5,92,1,United States of America
Howards End,Drama,1992,6.9,140,1,United Kingdom
Anomalisa,Comedy,2015,7.0,90,2,United States of America
Another Year,Comedy,2010,7.0,129,1,United Kingdom
8 Women,Comedy,2002,6.9,111,1,France
Showdown in Little Tokyo,Action,1991,5.7,79,1,United States of America
Clay Pigeons,Comedy,1998,6.3,104,1,Germany
It's Kind of a Funny Story,Comedy,2010,6.9,101,2,United States of America
Made in Dagenham,Comedy,2010,6.6,113,1,United Kingdom
When Did You Last See Your Father?,Drama,2007,6.9,92,1,Ireland
Prefontaine,Drama,1997,6.7,106,1,United States of America
The Wicked Lady,Drama,1983,4.3,98,1,United Kingdom
The Secret of Kells,Comedy,2009,7.3,75,1,Belgium
Begin Again,Comedy,2013,7.3,104,4,United States of America
Down in the Valley,Drama,2005,5.9,112,1,United States of America
Brooklyn Rules,Drama,2007,5.8,99,1,United States of America
Restless,Drama,2012,4.9,180,1,United Kingdom
The Singing Detective,Comedy,2003,5.9,109,1,United States of America
The Land Girls,Drama,1998,7.0,111,1,United Kingdom
Fido,Romance,2006,6.6,91,1,Canada
The Wendell Baker Story,Comedy,2005,5.2,99,1,Germany
Wild Target,Action,2010,6.4,98,1,France
Pathology,Thriller,2008,5.6,95,1,United States of America
Wuthering Heights,Drama,2009,6.9,142,1,Unknown
10th & Wolf,Action,2006,6.3,107,1,United States of America
Dear Wendy,Comedy,2005,5.6,105,1,Denmark
Aloft,Drama,2014,5.1,112,1,France
Akira,Sci-Fi,1988,7.8,124,4,Japan
The Death and Life of Bobby Z,Drama,2007,5.8,97,1,Germany
The Rocket: The Legend of Rocket Richard,Drama,2005,6.1,124,1,Canada
Swelter,Action,2014,4.6,96,1,United States of America
My Lucky Star,Comedy,2013,4.3,114,1,China
Imagine Me & You,Drama,2005,7.0,93,1,Germany
Mr. Church,Drama,2016,7.0,104,1,United States of America
Swimming Pool,Thriller,2003,6.4,102,1,France
Green Street Hooligans: Underground,Action,2013,5.4,90,1,United States of America
The Blood of Heroes,Action,1989,5.9,100,1,United States of America
Code of Honor,Action,2016,4.1,106,1,United States of America
Driving Miss Daisy,Comedy,1989,7.0,99,2,United States of America
Soul Food,Comedy,1997,6.6,114,1,United States of America
Rumble in the Bronx,Thriller,1995,6.5,91,2,Hong Kong
Far from Men,Drama,2014,6.6,110,1,France
Thank You for Smoking,Comedy,2005,7.1,92,3,United States of America
Hostel: Part II,Horror,2007,5.6,93,2,United States of America
An Education,Drama,2009,6.8,100,2,United Kingdom
Shopgirl,Comedy,2005,5.7,104,1,United States of America
The Hotel New Hampshire,Comedy,1984,5.8,109,1,Canada
Narc,Action,2002,6.8,105,1,Canada
Men with Brooms,Comedy,2002,4.5,102,1,Canada
Witless Protection,Action,2008,4.0,97,1,United States of America
The Work and the Glory,Drama,2004,6.1,110,1,Unknown
Extract,Comedy,2009,5.7,92,2,United States of America
Masked and Anonymous,Drama,2003,5.2,112,1,United States of America
Betty Fisher and Other Stories,Drama,2001,7.0,103,1,Unknown
Code 46,Drama,2003,6.2,92,1,United Kingdom
Outside Bet,Comedy,2012,5.8,101,1,United Kingdom
Albert Nobbs,Drama,2011,6.2,113,1,United Kingdom
Black November,Drama,2012,6.4,95,1,United States of America
Ta Ra Rum Pum,Comedy,2007,6.0,156,1,India
Persepolis,Comedy,2007,7.7,95,3,France
The Hole,Thriller,2009,5.6,92,1,United States of America
The Wave,Drama,2008,7.5,107,3,Germany
The Neon Demon,Thriller,2016,6.4,117,4,Denmark
Harry Brown,Thriller,2009,6.7,103,2,United Kingdom
The Omega Code,Horror,1999,4.4,100,1,Unknown
Juno,Comedy,2007,7.0,96,2,United States of America
Pound of Flesh,Action,2015,5.5,104,1,Canada
Diamonds Are Forever,Action,1971,6.3,120,4,United Kingdom
The Godfather,Drama,1972,8.4,175,16,United States of America
Flashdance,Drama,1983,6.1,95,2,United States of America
(500) Days of Summer,Comedy,2009,7.2,95,5,United States of America
The Piano,Drama,1993,7.1,121,2,New Zealand
Magic Mike,Drama,2012,6.1,110,4,United States of America
Darkness Falls,Thriller,2003,4.9,86,1,Australia
Live and Let Die,Action,1973,6.4,121,3,United Kingdom
My Dog Skip,Comedy,2000,6.5,95,1,United States of America
"Definitely, Maybe",Comedy,2008,6.7,112,3,France
Jumping the Broom,Comedy,2011,6.0,112,1,United States of America
"Good Night, and Good Luck.",Drama,2005,6.8,93,2,France
Capote,Thriller,2005,6.8,114,2,Canada
Desperado,Thriller,1995,6.8,104,3,United States of America
Logan's Run,Action,1976,6.6,119,1,United States of America
The Man with the Golden Gun,Action,1974,6.3,125,3,United Kingdom
Action Jackson,Action,1988,4.9,96,1,United States of America
The Descent,Action,2005,6.8,99,3,United Kingdom
Michael Jordan to the Max,Drama,2000,7.5,46,1,United States of America
Devil's Due,Horror,2014,4.4,89,2,United States of America
Flirting with Disaster,Comedy,1996,6.3,92,1,United States of America
The Devil's Rejects,Drama,2005,6.6,107,2,Germany
Dope,Thriller,2015,7.2,103,3,United States of America
In Too Deep,Drama,1999,6.2,97,1,United States of America
House of 1000 Corpses,Horror,2003,6.0,89,2,United States of America
Alien Zone,Horror,1978,4.0,90,1,United States of America
A Serious Man,Comedy,2009,6.6,105,3,United States of America
Get Low,Comedy,2010,6.5,103,1,United States of America
Warlock,Action,1989,5.8,103,1,United States of America
Beyond the Lights,Romance,2014,7.0,116,1,United States of America
A Single Man,Drama,2009,7.3,101,2,United States of America
The Last Temptation of Christ,Drama,1988,7.0,164,2,United States of America
Outside Providence,Romance,1999,5.6,96,1,United States of America
Bride & Prejudice,Drama,2004,6.5,111,1,United Kingdom
Rabbit-Proof Fence,Action,2002,6.8,94,1,Australia
Who's Your Caddy?,Comedy,2007,3.8,93,1,United States of America
Split Second,Thriller,1992,5.7,90,1,United Kingdom
The Other Side of Heaven,Action,2001,6.7,113,1,United States of America
Veer-Zaara,Drama,2004,7.4,192,1,India
Redbelt,Drama,2008,6.4,99,1,United States of America
Cyrus,Comedy,2010,6.1,91,2,United States of America
A Dog Of Flanders,Drama,1999,6.4,96,1,Unknown
Auto Focus,Drama,2002,6.1,104,1,United States of America
Factory Girl,Drama,2006,6.2,90,1,United States of America
We Need to Talk About Kevin,Drama,2011,7.4,112,2,United Kingdom
The Christmas Candle,Drama,2013,5.8,100,1,United Kingdom
The Mighty Macs,Action,2009,5.0,102,1,United States of America
Losin' It,Comedy,1983,4.5,100,1,Canada
Mother and Child,Drama,2009,6.7,125,1,Spain
March or Die,Action,1977,6.2,107,1,United Kingdom
The Visitors,Drama,1993,7.1,107,1,France
Somewhere,Comedy,2010,6.0,98,1,United States of America
I Hope They Serve Beer in Hell,Comedy,2009,5.7,106,1,Unknown
Chairman of the Board,Comedy,1998,2.7,95,1,United States of America
Hesher,Drama,2010,6.7,106,2,United States of America
Dom Hemingway,Comedy,2013,5.8,93,1,United Kingdom
Gerry,Thriller,2002,6.2,103,1,United States of America
The Heart of Me,Drama,2002,7.7,96,1,Germany
Freeheld,Romance,2015,7.1,103,1,United States of America
The Extra Man,Comedy,2010,5.9,108,1,France
Hard to Be a God,Drama,2013,6.7,170,1,Russia
Ca$h,Thriller,2010,6.0,108,1,United States of America
Wah-Wah,Drama,2005,6.3,120,1,United Kingdom
The Boondock Saints,Action,1999,7.2,108,4,Canada
Z Storm,Thriller,2014,5.8,92,1,China
Twixt,Horror,2011,5.0,84,1,United States of America
The Snow Queen,Comedy,2012,5.1,76,1,Russia
Alpha and Omega: The Legend of the Saw Tooth Cave,Comedy,2014,6.5,53,1,United States of America
Pale Rider,Romance,1985,7.0,115,2,United States of America
Stargate: The Ark of Truth,Action,2008,6.9,97,1,Canada
Dazed and Confused,Comedy,1993,7.4,102,3,United States of America
High School Musical 2,Comedy,2007,6.1,104,2,United States of America
Two Lovers and a Bear,Drama,2016,6.8,96,1,Unknown
Criminal Activities,Thriller,2015,5.8,94,1,United States of America
Aimee & Jaguar,Drama,1999,6.3,125,1,Germany
The Chumscrubber,Comedy,2005,6.7,108,1,Germany
Shade,Action,2003,6.1,101,1,United States of America
House at the End of the Street,Horror,2012,5.6,101,3,United States of America
Incendies,Drama,2010,7.9,130,2,Canada
"Remember Me, My Love",Drama,2003,5.8,125,1,Italy
Perrier’s Bounty,Action,2009,5.1,88,1,Ireland
Elite Squad,Drama,2007,7.8,115,3,Brazil
Annabelle,Horror,2014,5.6,99,7,United States of America
Bran Nue Dae,Comedy,2009,5.2,82,1,Unknown
Boyz n the Hood,Thriller,1991,7.4,112,2,United States of America
La Bamba,Drama,1987,6.8,108,1,United States of America
The Four Seasons,Comedy,1981,6.3,107,1,United States of America
Dressed to Kill,Horror,1980,6.8,105,1,United States of America
The Adventures of Huck Finn,Action,1993,6.2,108,1,United States of America
Go,Thriller,1999,7.0,98,1,United States of America
Friends with Money,Comedy,2006,5.1,88,1,United States of America
The Andromeda Strain,Sci-Fi,1971,7.0,131,1,United States of America
Bats,Horror,1999,4.1,91,1,United States of America
Nowhere in Africa,Drama,2001,7.0,140,1,Germany
Shame,Drama,2011,7.0,100,5,United Kingdom
Layer Cake,Drama,2004,7.0,105,3,United Kingdom
The Work and the Glory II: American Zion,Drama,2005,8.0,100,1,United States of America
The East,Drama,2013,6.5,116,2,United Kingdom
A Home at the End of the World,Romance,2004,6.8,96,1,United States of America
Aberdeen,Drama,2000,7.0,113,1,United Kingdom
The Messenger,Drama,2009,7.1,113,1,United States of America
Tracker,Action,2010,6.0,102,1,New Zealand
Control,Drama,2007,7.5,121,1,Japan
The Terminator,Action,1984,7.3,108,8,United Kingdom
"Good bye, Lenin!",Comedy,2003,7.4,121,1,Germany
The Damned United,Drama,2009,7.2,97,2,United Kingdom
The Return of the Living Dead,Comedy,1985,7.3,91,2,United States of America
Mallrats,Romance,1995,6.8,94,2,United States of America
Grease,Romance,1978,7.2,110,8,United States of America
Platoon,Drama,1986,7.5,120,6,United Kingdom
Fahrenheit 9/11,Drama,2004,6.8,122,2,United States of America
Butch Cassidy and the Sundance Kid,Drama,1969,7.4,110,3,United States of America
Mary Poppins,Comedy,1964,7.4,139,7,United States of America
Ordinary People,Drama,1980,7.4,124,1,United States of America
West Side Story,Thriller,1961,7.0,152,3,United States of America
Caddyshack,Comedy,1980,6.6,98,2,United States of America
The Brothers,Comedy,2001,6.5,106,1,United States of America
The Wood,Comedy,1999,7.1,106,1,United States of America
The Usual Suspects,Drama,1995,8.1,106,7,United States of America
A Nightmare on Elm Street 5: The Dream Child,Horror,1989,5.5,89,1,United States of America
National Lampoon’s Van Wilder,Comedy,2002,5.9,92,4,United States of America
The Wrestler,Drama,2008,7.3,109,5,United States of America
Duel in the Sun,Drama,1946,6.2,144,1,United States of America
Best in Show,Comedy,2000,6.7,90,1,United States of America
Escape from New York,Sci-Fi,1981,6.9,99,3,United States of America
School Daze,Comedy,1988,6.2,121,1,United States of America
Daddy Day Camp,Comedy,2007,4.4,89,1,United States of America
Mr. Nice Guy,Thriller,1997,6.3,113,1,Australia
A Mighty Wind,Comedy,2003,6.6,91,1,United States of America
Mystic Pizza,Comedy,1988,5.9,104,1,United States of America
Sliding Doors,Comedy,1998,6.5,99,2,United Kingdom
Tales from the Hood,Thriller,1995,5.4,98,1,United States of America
The Last King of Scotland,Drama,2006,7.4,121,3,United Kingdom
Halloween 5: The Revenge of Michael Myers,Horror,1989,5.2,96,1,United States of America
Bernie,Comedy,2012,6.5,100,1,United States of America
Dolphins and Whales: Tribes of the Ocean,Drama,2008,8.0,42,1,Bahamas
Pollock,Drama,2000,6.6,122,1,United States of America
200 Cigarettes,Comedy,1999,6.1,101,1,United States of America
The Words,Drama,2012,6.4,96,2,United States of America
Casa De Mi Padre,Comedy,2012,5.5,84,1,United States of America
City Island,Drama,2009,6.9,104,1,United States of America
The Guard,Action,2011,6.8,96,2,Ireland
College,Comedy,2008,4.8,94,1,United States of America
The Virgin Suicides,Drama,1999,7.1,97,3,United States of America
Little Voice,Comedy,1998,6.6,97,1,United Kingdom
Miss March,Comedy,2009,5.4,89,1,United States of America
Wish I Was Here,Drama,2014,6.4,120,2,United States of America
Simply Irresistible,Comedy,1999,5.5,95,1,United States of America
Hedwig and the Angry Inch,Comedy,2001,7.4,95,1,United States of America
Only the Strong,Action,1993,6.9,99,1,United States of America
Goddess of Love,Thriller,2015,6.2,96,1,Canada
Shattered Glass,Drama,2003,6.6,94,1,Canada
Novocaine,Comedy,2001,6.0,95,1,United States of America
The Business of Strangers,Drama,2001,5.7,84,1,United States of America
The Wild Bunch,Action,1969,7.6,145,2,United States of America
The Wackness,Drama,2008,6.2,99,1,United States of America
The First Great Train Robbery,Thriller,1979,6.6,110,1,United Kingdom
Morvern Callar,Drama,2002,7.2,97,1,United Kingdom
Beastmaster 2: Through the Portal of Time,Action,1991,4.6,107,1,United States of America
The 5th Quarter,Drama,2011,4.7,97,1,United States of America
The Flower of Evil,Drama,2003,5.7,104,1,France
The Greatest,Drama,2009,6.2,99,1,United States of America
Snow Flower and the Secret Fan,Drama,2011,5.3,104,1,China
Come Early Morning,Drama,2006,5.9,97,1,United States of America
Lucky Break,Action,2001,6.5,107,1,United Kingdom
Julia,Drama,1977,6.3,117,1,United States of America
"Surfer, Dude",Comedy,2008,4.7,85,1,United States of America
Lake of Fire,Drama,2006,8.0,152,1,Unknown
11:14,Thriller,2003,6.8,86,2,Canada
Men of War,Action,1994,5.4,103,1,United States of America
Don McKay,Thriller,2009,5.4,87,1,United States of America
Deadfall,Thriller,2012,5.6,95,1,France
A Shine of Rainbows,Drama,2009,6.3,101,1,Canada
The Hit List,Action,2011,5.2,90,1,United States of America
Emma,Romance,2009,7.6,240,1,Unknown
Videodrome,Horror,1983,7.1,87,2,Canada
The Spanish Apartment,Drama,2002,7.0,122,1,France
Song One,Drama,2014,5.5,86,1,United States of America
Winter in Wartime,Drama,2008,6.8,103,1,Netherlands
Freaky Deaky,Comedy,2012,4.9,90,1,United States of America
The Train,Action,1964,7.2,133,1,France
Trade Of Innocents,Drama,2012,5.5,91,1,United States of America
The Protector,Action,2005,6.8,108,1,Thailand
Stiff Upper Lips,Comedy,1998,10.0,99,1,United Kingdom
Bend It Like Beckham,Comedy,2002,6.2,112,3,India
Sunshine State,Drama,2002,6.0,141,1,Unknown
Crossover,Action,2006,4.2,95,1,United States of America
Khiladi 786,Action,2012,4.7,139,1,Unknown
[REC]²,Thriller,2009,6.4,85,3,Spain
Standing Ovation,Comedy,2010,3.9,105,1,Unknown
The Sting,Comedy,1973,7.9,129,3,United States of America
Chariots of Fire,Drama,1981,6.8,123,1,United Kingdom
Diary of a Mad Black Woman,Comedy,2005,6.4,116,1,Unknown
Shine,Drama,1996,7.3,105,1,Australia
Don Jon,Romance,2013,5.9,90,4,United States of America
High Plains Drifter,Drama,1973,7.4,105,2,United States of America
Ghost World,Comedy,2001,7.1,111,2,Germany
Iris,Drama,2001,6.2,91,1,Canada
Galaxina,Comedy,1980,3.3,95,1,United States of America
The Chorus,Drama,2004,7.5,96,2,Switzerland
Mambo Italiano,Comedy,2003,5.6,92,1,Canada
Wonderland,Thriller,2003,6.2,104,1,Canada
Do the Right Thing,Drama,1989,7.6,120,2,United States of America
Harvard Man,Drama,2001,4.8,99,1,United States of America
Le Havre,Drama,2011,6.8,93,1,Finland
Irreversible,Drama,2002,7.1,97,4,France
R100,Comedy,2013,5.4,100,1,Japan
Rang De Basanti,Drama,2006,7.2,157,1,India
Animals,Drama,2014,6.2,90,1,United States of America
Salvation Boulevard,Comedy,2011,5.6,96,1,United States of America
The Ten,Comedy,2007,4.9,96,1,United States of America
A Room for Romeo Brass,Drama,1999,7.3,90,1,Canada
Headhunters,Thriller,2011,7.1,100,2,Germany
Grabbers,Sci-Fi,2012,6.0,94,1,Ireland
Saint Ralph,Comedy,2004,7.3,95,1,Canada
Miss Julie,Drama,2014,5.9,120,1,United Kingdom
Somewhere in Time,Sci-Fi,1980,7.2,103,1,United States of America
Dum Maaro Dum,Drama,2011,5.4,130,1,Unknown
Insidious: Chapter 2,Horror,2013,6.5,106,6,United States of America
Saw II,Horror,2005,6.3,92,5,United States of America
10 Cloverfield Lane,Thriller,2016,6.8,103,6,United States of America
Jackass: The Movie,Drama,2002,6.1,87,2,United States of America
Lights Out,Horror,2016,6.3,81,6,United States of America
Paranormal Activity 3,Horror,2011,5.9,83,3,United States of America
Ouija,Horror,2014,4.9,89,6,Japan
A Nightmare on Elm Street 3: Dream Warriors,Horror,1987,6.5,96,2,United States of America
Instructions Not Included,Comedy,2013,7.5,115,1,Mexico
Paranormal Activity 4,Horror,2012,5.2,95,2,United States of America
The Robe,Drama,1953,6.4,135,1,United States of America
The Return of the Pink Panther,Comedy,1975,6.7,113,1,United Kingdom
Freddy's Dead: The Final Nightmare,Horror,1991,5.1,89,2,United States of America
Monster,Thriller,2003,7.0,110,2,United States of America
"20,000 Leagues Under the Sea",Action,1954,6.8,127,1,United States of America
Paranormal Activity: The Marked Ones,Horror,2014,5.2,84,2,United States of America
The Elephant Man,Drama,1980,7.9,124,3,United Kingdom
Dallas Buyers Club,Drama,2013,7.9,117,7,United States of America
The Lazarus Effect,Thriller,2015,5.1,83,2,United States of America
Memento,Thriller,2000,8.1,113,7,United States of America
Oculus,Horror,2013,6.3,104,4,United States of America
Clerks II,Comedy,2006,6.9,97,2,United States of America
Billy Elliot,Drama,2000,7.4,110,2,France
The Way Way Back,Comedy,2013,7.1,103,4,United States of America
House Party 2,Comedy,1991,4.7,94,1,United States of America
The Man from Snowy River,Comedy,1982,6.8,104,1,Australia
Doug's 1st Movie,Comedy,1999,5.4,77,1,United States of America
The Apostle,Drama,1997,6.1,134,1,United States of America
Mommie Dearest,Drama,1981,6.5,129,1,United States of America
Our Idiot Brother,Comedy,2011,5.9,90,2,United States of America
Race,Action,2016,7.1,134,3,Canada
The Players Club,Drama,1998,6.4,104,1,United States of America
"As Above, So Below",Horror,2014,6.1,93,3,United States of America
Addicted,Drama,2014,5.4,105,1,United States of America
Eve's Bayou,Drama,1997,6.1,109,1,Unknown
Still Alice,Drama,2014,7.5,99,4,United States of America
The Egyptian,Drama,1954,6.0,139,1,United States of America
Nighthawks,Action,1981,6.4,99,1,United States of America
Friday the 13th Part VIII: Jason Takes Manhattan,Horror,1989,4.8,100,1,United States of America
My Big Fat Greek Wedding,Comedy,2002,6.2,95,2,Canada
Spring Breakers,Drama,2013,5.0,94,7,France
Halloween: The Curse of Michael Myers,Horror,1995,5.0,88,1,United States of America
Y Tu Mamá También,Drama,2001,7.3,106,2,Mexico
Shaun of the Dead,Horror,2004,7.5,99,6,United Kingdom
The Haunting of Molly Hartley,Drama,2008,4.3,82,1,United States of America
Lone Star,Drama,1996,6.9,135,1,United States of America
Halloween 4: The Return of Michael Myers,Horror,1988,5.9,88,1,United States of America
April Fool's Day,Horror,1986,5.8,89,1,Canada
Diner,Comedy,1982,6.9,110,1,United States of America
Lone Wolf McQuade,Action,1983,5.5,107,1,United States of America
Apollo 18,Horror,2011,5.0,86,2,Canada
Sunshine Cleaning,Comedy,2008,6.5,102,2,United States of America
No Escape,Action,2015,6.7,103,4,United States of America
The Beastmaster,Action,1982,6.0,118,1,United States of America
Solomon and Sheba,Drama,1959,5.4,139,1,United States of America
Fifty Shades of Black,Romance,2016,4.3,92,2,United States of America
Not Easily Broken,Drama,2009,6.3,99,1,United States of America
A Farewell to Arms,Drama,1932,6.2,89,1,United States of America
The Perfect Match,Comedy,2016,5.2,96,1,United States of America
Digimon: The Movie,Drama,2000,6.2,82,1,Japan
Saved!,Comedy,2004,6.3,92,1,United States of America
The Barbarian Invasions,Comedy,2003,6.7,99,1,Canada
Robin and Marian,Action,1976,6.6,106,1,United Kingdom
The Forsaken,Action,2001,4.9,90,1,United States of America
Force 10 from Navarone,Action,1978,6.4,118,1,United Kingdom
UHF,Comedy,1989,6.7,97,1,United States of America
Grandma's Boy,Comedy,2006,6.6,94,1,United States of America
Slums of Beverly Hills,Comedy,1998,6.5,91,1,United States of America
Once Upon a Time in the West,Drama,1968,8.1,175,6,Italy
Made,Action,2001,6.3,94,1,United States of America
Moon,Sci-Fi,2009,7.6,97,5,United Kingdom
Keeping Up with the Steins,Comedy,2006,5.2,90,1,United States of America
Sea Rex 3D: Journey to a Prehistoric World,Drama,2010,5.9,41,1,France
The Sweet Hereafter,Drama,1997,6.8,112,1,Canada
Of Gods and Men,Drama,2010,6.5,120,1,France
Bottle Shock,Comedy,2008,6.6,110,1,United States of America
Jekyll and Hyde ... Together Again,Comedy,1982,4.6,87,1,United States of America
Heavenly Creatures,Drama,1994,7.0,99,1,New Zealand
90 Minutes in Heaven,Drama,2015,5.4,121,1,United States of America
Everything Must Go,Comedy,2010,6.0,97,1,United States of America
Zero Effect,Comedy,1998,6.0,116,1,United States of America
The Machinist,Thriller,2004,7.3,101,4,United States of America
Light Sleeper,Drama,1992,5.7,103,1,United States of America
Kill the Messenger,Thriller,2014,6.6,112,2,United States of America
Rabbit Hole,Drama,2010,6.9,91,1,United States of America
Party Monster,Comedy,2003,5.9,98,1,Netherlands
Green Room,Horror,2016,6.7,95,3,United States of America
The Oh in Ohio,Comedy,2006,5.8,88,1,United States of America
Atlas Shrugged Part III: Who is John Galt?,Drama,2014,3.9,99,1,United States of America
Bottle Rocket,Comedy,1996,6.8,91,1,United States of America
Albino Alligator,Thriller,1996,5.6,97,1,United States of America
"Gandhi, My Father",Drama,2007,6.0,136,1,India
Standard Operating Procedure,Drama,2008,6.6,117,1,United States of America
Out of the Blue,Drama,1980,6.5,94,1,Canada
Tucker and Dale vs Evil,Comedy,2010,7.3,89,2,Canada
"Lovely, Still",Drama,2008,6.2,92,1,Unknown
Tycoon,Action,1947,6.6,128,1,United States of America
Desert Blue,Comedy,1999,5.5,90,1,United States of America
Decoys,Horror,2004,4.7,95,1,Canada
The Visit,Horror,2015,6.0,94,4,United States of America
Redacted,Drama,2007,6.2,90,1,United States of America
Fascination,Romance,2004,3.8,95,1,United Kingdom
Area 51,Horror,2015,4.2,91,1,United States of America
Sleep Tight,Thriller,2011,7.0,107,1,Spain
The Cottage,Horror,2008,6.3,92,1,United Kingdom
Dead Like Me: Life After Death,Drama,2009,5.8,87,1,United States of America
Farce of the Penguins,Comedy,2006,3.2,80,1,United States of America
Flying By,Drama,2009,7.0,95,1,Unknown
Rudderless,Comedy,2014,7.4,105,1,United States of America
Henry & Me,Comedy,2014,3.0,67,1,United States of America
Christmas Eve,Romance,2015,6.1,95,1,United States of America
We Have Your Husband,Drama,2011,5.0,89,1,United States of America
Dying of the Light,Thriller,2014,4.5,94,1,Bahamas
Born Of War,Action,2013,4.1,109,1,Cyprus
Capricorn One,Drama,1977,6.4,123,1,United Kingdom
Should've Been Romeo,Comedy,2012,6.2,0,1,United States of America
Running Forever,Comedy,2015,6.2,88,1,United States of America
Yoga Hosers,Comedy,2016,4.7,88,1,United States of America
Navy Seals vs. Zombies,Horror,2015,3.5,97,1,United States of America
I Served the King of England,Comedy,2006,7.0,120,1,Czech Republic
Soul Kitchen,Drama,2009,7.1,99,1,Germany
Sling Blade,Drama,1996,7.4,135,2,United States of America
The Awakening,Horror,2011,6.3,107,3,United Kingdom
Hostel,Horror,2005,5.7,94,4,United States of America
A Cock and Bull Story,Comedy,2005,6.2,94,1,United Kingdom
Take Shelter,Thriller,2011,7.1,120,2,United States of America
Lady in White,Horror,1988,6.3,112,1,United States of America
Driving Lessons,Drama,2006,6.3,98,1,United Kingdom
Let's Kill Ward's Wife,Comedy,2014,5.5,81,1,United States of America
The Texas Chainsaw Massacre 2,Horror,1986,5.9,101,1,United States of America
Pat Garrett & Billy the Kid,Drama,1973,7.2,106,1,United States of America
Only God Forgives,Drama,2013,5.6,90,4,France
Camping Sauvage,Drama,2005,4.8,80,1,France
Without Men,Comedy,2011,4.6,83,1,United States of America
Dear Frankie,Drama,2004,7.0,105,1,United Kingdom
All Hat,Action,2007,1.0,89,1,Canada
The Names of Love,Drama,2010,7.3,100,1,France
Treading Water,Drama,2013,5.6,92,1,Canada
Savage Grace,Drama,2007,5.7,97,1,United States of America
Police Academy,Comedy,1984,6.5,96,2,United States of America
The Blue Lagoon,Romance,1980,5.8,104,3,United States of America
Four Weddings and a Funeral,Comedy,1994,6.6,117,3,United Kingdom
Fast Times at Ridgemont High,Comedy,1982,7.0,90,2,United States of America
Moby Dick,Action,1956,6.9,116,1,United States of America
25th Hour,Thriller,2002,7.2,135,3,United States of America
Bound,Thriller,1996,6.9,108,2,United States of America
Requiem for a Dream,Thriller,2000,7.9,102,1,United States of America
State Fair,Comedy,1945,6.2,96,1,United States of America
Tango,Drama,1998,6.8,115,1,Argentina
Salvador,Drama,1986,7.0,123,1,United Kingdom
Moms' Night Out,Comedy,2014,5.5,98,1,United States of America
Donnie Darko,Drama,2001,7.7,113,7,United States of America
Saving Private Perez,Action,2011,6.1,105,1,Unknown
Character,Drama,1997,7.7,122,1,Netherlands
Spun,Comedy,2002,6.6,101,1,United States of America
Life During Wartime,Comedy,2009,6.3,97,1,United States of America
Sympathy for Lady Vengeance,Drama,2005,7.4,115,2,South Korea
Mozart's Sister,Drama,2010,6.2,120,1,France
Mean Machine,Comedy,2001,6.0,99,1,United Kingdom
Exiled,Action,2006,7.0,110,1,Hong Kong
Blackthorn,Action,2011,6.6,98,1,Bolivia
Lilya 4-ever,Thriller,2002,7.7,109,1,Denmark
After.Life,Drama,2010,5.4,104,2,United States of America
Fugly,Comedy,2014,5.3,134,1,India
One Flew Over the Cuckoo's Nest,Drama,1975,8.2,133,15,United States of America
R.L. Stine's Monsterville: The Cabinet of Souls,Comedy,2015,6.9,85,1,United States of America
Silent Movie,Comedy,1976,6.7,86,1,United States of America
Airlift,Thriller,2016,7.3,126,1,India
Anne of Green Gables,Drama,1985,8.2,199,1,United States of America
Falcon Rising,Action,2014,5.5,103,1,United States of America
The Sweeney,Action,2012,5.7,112,1,United Kingdom
Sexy Beast,Thriller,2000,7.0,89,1,Spain
Easy Money,Drama,2010,6.5,124,1,Denmark
Whale Rider,Drama,2003,7.1,101,1,New Zealand
Paa,Drama,2009,6.6,133,1,India
Cargo,Thriller,2009,5.9,120,1,Switzerland
High School Musical,Comedy,2006,6.1,98,2,United States of America
Love and Death on Long Island,Drama,1997,6.9,93,1,Canada
Night Watch,Drama,2004,6.3,114,1,Russia
The Crying Game,Romance,1992,6.9,112,1,Japan
Porky's,Comedy,1981,6.1,94,1,United States of America
Survival of the Dead,Horror,2010,4.6,90,1,Canada
Night of the Living Dead,Horror,1968,7.5,96,3,United States of America
Lost in Translation,Drama,2003,7.3,102,5,Japan
Annie Hall,Comedy,1977,7.8,93,4,United States of America
The Greatest Show on Earth,Action,1952,6.6,152,1,United States of America
Monster's Ball,Drama,2001,6.5,111,2,United States of America
Maggie,Horror,2015,5.2,95,5,Switzerland
Leaving Las Vegas,Drama,1995,7.1,112,3,United States of America
Hansel and Gretel Get Baked,Horror,2013,4.8,86,1,United States of America
The Front Page,Romance,1974,6.9,105,1,United States of America
The Boy Next Door,Thriller,2015,4.1,91,3,United States of America
Trapeze,Drama,1956,6.4,105,1,United States of America
The Kids Are All Right,Comedy,2010,6.5,106,2,United States of America
They Live,Action,1988,7.1,94,3,United States of America
The Great Escape,Action,1963,7.8,172,4,United States of America
What the #$*! Do We (K)now!?,Drama,2004,5.8,109,1,United States of America
The Last Exorcism Part II,Horror,2013,4.4,88,1,United States of America
Boyhood,Drama,2014,7.5,164,5,United States of America
Scoop,Comedy,2006,6.4,96,2,United Kingdom
The Wash,Action,2001,5.3,93,1,United States of America
3 Strikes,Action,2000,5.9,82,1,United States of America
The Cooler,Drama,2003,6.7,101,1,United States of America
The Misfits,Drama,1961,6.8,124,1,United States of America
The Night Listener,Drama,2006,5.5,91,1,United States of America
The Jerky Boys,Comedy,1995,4.8,82,1,United States of America
The Orphanage,Horror,2007,7.1,105,3,Spain
A Haunted House 2,Comedy,2014,5.4,87,2,United States of America
The Rules of Attraction,Comedy,2002,6.3,110,1,Germany
Topaz,Action,1969,6.1,143,1,United States of America
Let's Go to Prison,Comedy,2006,5.5,84,1,United States of America
Four Rooms,Thriller,1995,6.5,98,3,United States of America
Secretary,Comedy,2002,6.7,104,2,United States of America
The Real Cancun,Drama,2003,3.3,96,1,United States of America
Talk Radio,Drama,1988,6.7,110,1,Canada
Waiting for Guffman,Comedy,1996,7.3,84,1,United States of America
Love Stinks,Comedy,1999,5.4,94,1,United States of America
You Kill Me,Comedy,2007,6.2,90,1,United States of America
Thumbsucker,Comedy,2005,6.1,96,1,United States of America
Red State,Horror,2011,5.9,88,1,United States of America
Mirrormask,Drama,2005,6.6,101,1,United Kingdom
Samsara,Drama,2011,8.0,102,1,United States of America
The Barbarians,Drama,1987,5.1,87,1,Italy
The Art of Getting By,Drama,2011,6.5,83,1,United States of America
Zipper,Thriller,2015,5.5,103,1,United States of America
Poolhall Junkies,Comedy,2002,6.5,99,1,United States of America
The Loss of Sexual Innocence,Drama,1999,5.2,106,1,United Kingdom
Holy Motors,Drama,2012,6.9,115,1,France
Joe,Drama,2014,6.5,118,3,United States of America
Shooting Fish,Thriller,1997,7.0,109,1,United Kingdom
Prison,Thriller,1988,6.7,102,1,United States of America
Psycho Beach Party,Comedy,2000,6.0,95,1,Australia
The Big Tease,Comedy,1999,5.8,87,1,Unknown
"Guten Tag, Ramón",Drama,2013,8.1,119,1,Mexico
Trust,Thriller,2010,6.6,104,2,United States of America
An Everlasting Piece,Comedy,2000,6.0,103,1,United States of America
Among Giants,Comedy,1998,4.5,93,1,United Kingdom
Adore,Drama,2013,6.1,100,2,France
The Velocity of Gary,Drama,1999,4.2,100,1,United States of America
Mondays in the Sun,Drama,2002,7.1,113,1,Spain
Stake Land,Drama,2010,6.2,98,1,United States of America
The Last Time I Committed Suicide,Drama,1997,6.7,92,1,United States of America
Futuro Beach,Drama,2014,6.4,106,1,Brazil
Another Happy Day,Comedy,2011,6.2,119,1,United States of America
A Lonely Place to Die,Action,2011,6.2,99,1,United Kingdom
Nothing,Comedy,2003,5.8,90,1,Canada
The Geographer Drank His Globe Away,Drama,2013,7.3,120,1,Russia
1776,Drama,1972,7.1,142,1,United States of America
Inescapable,Thriller,2012,5.2,93,1,Canada
Hell's Angels,Action,1930,6.1,127,1,United States of America
Purple Violets,Comedy,2007,5.7,103,1,Unknown
The Veil,Horror,2016,4.5,93,1,United States of America
The Loved Ones,Horror,2009,6.6,84,1,Australia
The Helpers,Horror,2012,4.1,78,1,United States of America
How to Fall in Love,Comedy,2012,5.2,0,1,United States of America
The Perfect Wave,Romance,2014,4.4,113,1,South Africa
A Man for All Seasons,Drama,1966,7.5,120,1,United Kingdom
Network,Drama,1976,7.7,121,2,United States of America
Gone with the Wind,Drama,1939,7.7,238,6,United States of America
Desert Dancer,Drama,2014,6.5,98,1,Morocco
Major Dundee,Drama,1965,6.2,123,1,United States of America
Annie Get Your Gun,Action,1950,7.3,107,1,United States of America
Four Lions,Comedy,2010,7.0,101,2,United Kingdom
The House of Sand,Drama,2005,6.7,115,1,Brazil
Defendor,Drama,2009,6.5,101,1,Canada
The Pirate,Comedy,1948,6.6,102,1,United States of America
The Good Heart,Drama,2009,6.0,95,1,Denmark
The History Boys,Comedy,2006,6.6,109,1,United Kingdom
Midnight Cowboy,Drama,1969,7.4,113,2,United States of America
The Full Monty,Comedy,1997,6.8,91,2,United Kingdom
Airplane!,Comedy,1980,7.1,88,5,United States of America
Chain of Command,Thriller,2015,5.3,88,1,United States of America
Friday,Comedy,1995,7.0,91,3,United States of America
Menace II Society,Drama,1993,7.2,97,1,United States of America
Creepshow 2,Horror,1987,5.9,92,1,United States of America
The Ballad of Cable Hogue,Action,1970,6.9,121,1,United States of America
In Cold Blood,Thriller,1967,7.4,134,1,United States of America
The Nun's Story,Drama,1959,7.4,149,1,United States of America
Harper,Action,1966,6.2,121,1,United States of America
Frenzy,Thriller,1972,7.1,116,1,United Kingdom
The Witch,Thriller,2016,6.3,92,6,Canada
I Got the Hook Up,Action,1998,5.4,93,1,United States of America
She's the One,Comedy,1996,5.7,96,1,United States of America
Gods and Monsters,Drama,1998,6.8,105,1,United Kingdom
The Secret in Their Eyes,Thriller,2009,7.8,129,3,Argentina
Train,Horror,2008,4.8,94,1,United States of America
Evil Dead II,Horror,1987,7.6,84,4,United States of America
Pootie Tang,Action,2001,5.4,81,1,United States of America
Sharknado,Drama,2013,3.8,86,2,United States of America
The Other Conquest,Drama,1999,5.4,105,1,Mexico
Troll Hunter,Drama,2010,6.7,103,1,Norway
Ira & Abby,Comedy,2006,5.8,104,1,United States of America
Winter Passing,Comedy,2006,6.7,98,1,United States of America
D.E.B.S.,Action,2004,5.6,91,1,United States of America
The Masked Saint,Thriller,2016,2.9,111,1,United States of America
The Betrayed,Thriller,2008,5.2,98,1,United States of America
Taxman,Action,1999,2.0,104,1,United States of America
The Secret,Drama,2016,6.2,200,1,Unknown
2:13,Horror,2009,4.6,96,1,United States of America
"Batman: The Dark Knight Returns, Part 2",Action,2013,7.9,78,3,United States of America
Time to Choose,Drama,2015,6.2,100,1,United States of America
In the Name of the King III,Action,2013,3.3,85,1,Bulgaria
Wicked Blood,Action,2014,5.3,92,1,United States of America
Stranded,Drama,2015,5.0,86,1,United States of America
Lords of London,Thriller,2014,3.6,90,1,United Kingdom
High Anxiety,Comedy,1977,6.5,94,1,United States of America
March of the Penguins,Drama,2005,6.9,80,2,France
Margin Call,Thriller,2011,6.7,107,3,United States of America
August,Drama,2011,6.2,100,1,Unknown
Choke,Comedy,2008,6.0,92,1,United States of America
Whiplash,Drama,2014,8.3,105,22,United States of America
City of God,Drama,2002,8.1,130,5,Brazil
Human Traffic,Comedy,1999,6.8,99,1,United Kingdom
To Write Love on Her Arms,Drama,2015,6.8,118,1,United States of America
The Dead Girl,Thriller,2006,6.4,85,1,United States of America
The Hunt,Drama,2012,7.9,115,2,Denmark
A Christmas Story,Comedy,1983,7.4,94,2,United States of America
Bella,Drama,2006,6.7,91,1,Mexico
Class of 1984,Action,1982,6.2,98,1,Canada
The Opposite Sex,Comedy,2014,4.1,96,1,United States of America
Dreaming of Joseph Lees,Romance,1999,8.0,92,1,United Kingdom
The Class,Drama,2008,6.8,128,2,France
Rosemary's Baby,Horror,1968,7.5,136,3,United States of America
The Man Who Shot Liberty Valance,Drama,1962,7.4,123,1,United States of America
Adam,Drama,2009,6.9,99,1,United States of America
Maria Full of Grace,Drama,2004,6.9,101,1,Ecuador
Beginners,Drama,2010,6.8,105,1,United States of America
Feast,Action,2005,6.1,95,1,United States of America
Animal House,Comedy,1978,7.0,109,2,United States of America
Goldfinger,Action,1964,7.2,110,5,United Kingdom
Antiviral,Sci-Fi,2012,5.7,110,1,Canada
It's a Wonderful Life,Drama,1946,8.0,130,5,United States of America
Trainspotting,Drama,1996,7.8,93,7,United Kingdom
The Original Kings of Comedy,Comedy,2000,6.3,115,1,United States of America
Paranormal Activity 2,Horror,2010,5.7,91,3,United States of America
Waking Ned,Comedy,1998,7.4,91,1,France
Bowling for Columbine,Drama,2002,7.3,120,1,United States of America
Coming Home,Drama,2014,6.9,111,1,China
A Nightmare on Elm Street Part 2: Freddy's Revenge,Horror,1985,5.7,87,2,United States of America
A Room with a View,Drama,1985,6.9,117,1,United Kingdom
The Purge,Sci-Fi,2013,6.0,86,6,France
Sinister,Horror,2012,6.7,110,5,United States of America
Martin Lawrence Live: Runteldat,Comedy,2002,5.0,113,1,United States of America
Cat on a Hot Tin Roof,Drama,1958,7.6,108,2,United States of America
Beneath the Planet of the Apes,Action,1970,6.2,95,3,United States of America
Air Bud,Comedy,1997,5.3,98,1,Canada
Pokémon: Spell of the Unknown,Action,2000,5.9,93,1,Japan
Friday the 13th Part VI: Jason Lives,Horror,1986,5.7,86,1,United States of America
The Bridge on the River Kwai,Drama,1957,7.7,161,3,United Kingdom
Spaced Invaders,Comedy,1990,4.7,100,1,United States of America
Family Plot,Comedy,1976,6.7,121,1,United States of America
The Apartment,Comedy,1960,8.1,125,3,United States of America
Jason Goes to Hell: The Final Friday,Drama,1993,4.2,87,1,United States of America
Torn Curtain,Thriller,1966,6.4,128,1,United States of America
Dave Chappelle's Block Party,Comedy,2005,6.4,100,1,United States of America
Slow West,Romance,2015,6.6,84,2,New Zealand
Krush Groove,Drama,1985,7.0,97,1,United States of America
Next Day Air,Action,2009,5.3,84,1,United States of America
Elmer Gantry,Drama,1960,7.3,146,1,United States of America
Judgment at Nuremberg,Drama,1961,7.6,186,2,Germany
Trippin',Comedy,1999,4.5,94,1,United States of America
Red River,Drama,1948,7.3,133,1,United States of America
Phat Girlz,Comedy,2006,3.7,99,1,United States of America
Before Midnight,Romance,2013,7.4,108,3,Greece
Teen Wolf Too,Comedy,1987,3.8,95,1,United States of America
Phantasm II,Action,1988,6.3,97,1,United States of America
Woman Thou Art Loosed,Drama,2004,5.0,94,1,United States of America
Real Women Have Curves,Comedy,2002,5.8,86,1,Unknown
Water,Drama,2005,6.8,115,1,Canada
East Is East,Comedy,1999,6.5,97,1,United Kingdom
Whipped,Comedy,2000,3.1,82,1,United States of America
Kama Sutra - A Tale of Love,Drama,1996,5.7,117,1,United Kingdom
Please Give,Comedy,2010,6.0,90,1,United States of America
Willy Wonka & the Chocolate Factory,Comedy,1971,7.4,100,3,United States of America
Warlock: The Armageddon,Drama,1993,5.2,98,1,United States of America
8 Heads in a Duffel Bag,Comedy,1997,5.4,95,1,United Kingdom
Days of Heaven,Drama,1978,7.6,94,2,United States of America
Thirteen Conversations About One Thing,Drama,2001,6.4,104,1,United States of America
Jawbreaker,Comedy,1999,5.9,87,1,United States of America
Basquiat,Drama,1996,6.6,108,1,United States of America
Frances Ha,Comedy,2013,7.2,86,2,Brazil
Tsotsi,Thriller,2005,6.9,94,1,South Africa
Happiness,Comedy,1998,7.4,139,1,United States of America
DysFunktional Family,Comedy,2003,6.1,89,1,United States of America
Tusk,Comedy,2014,5.1,102,2,United States of America
Oldboy,Drama,2003,8.0,120,6,South Korea
Letters to God,Action,2010,6.5,110,1,United States of America
Hobo with a Shotgun,Action,2011,5.7,86,2,United States of America
Compadres,Action,2016,5.2,101,1,Unknown
Freeway,Comedy,1996,6.5,110,1,United States of America
Love's Abiding Joy,Drama,2006,5.8,87,1,United States of America
Fish Tank,Drama,2009,6.9,123,1,United Kingdom
Damsels in Distress,Comedy,2012,5.6,99,1,United States of America
Creature,Horror,1998,4.0,176,1,United States of America
Bachelorette,Comedy,2012,5.3,87,2,United States of America
Brave New Girl,Drama,2004,3.7,120,1,United States of America
Tim and Eric's Billion Dollar Movie,Comedy,2012,5.2,94,1,United States of America
Summer Storm,Comedy,2004,6.7,98,1,Germany
Fort McCoy,Drama,2014,6.3,0,1,Unknown
Chain Letter,Horror,2010,3.9,96,1,United States of America
Just Looking,Drama,1999,5.8,97,1,United States of America
The Divide,Sci-Fi,2011,5.7,112,1,Canada
The Eclipse,Drama,2009,6.1,88,1,Unknown
Demonic,Thriller,2015,4.9,83,1,United Kingdom
My Big Fat Independent Movie,Comedy,2005,3.0,80,1,United States of America
The Deported,Comedy,2010,6.2,90,1,Unknown
Tanner Hall,Drama,2009,5.4,96,1,United States of America
Open Road,Action,2013,5.2,85,1,Brazil
They Came Together,Comedy,2014,5.3,84,1,United States of America
30 Nights of Paranormal Activity With the Devil Inside the Girl With the Dragon Tattoo,Comedy,2013,2.9,80,1,United States of America
Never Back Down 2: The Beatdown,Drama,2011,5.8,90,1,United States of America
Point Blank,Action,1967,7.1,92,1,United States of America
Four Single Fathers,Drama,2009,6.2,100,1,United States of America
Enter the Dangerous Mind,Thriller,2013,4.8,88,1,United States of America
Something Wicked,Thriller,2014,4.6,95,1,United States of America
AWOL-72,Thriller,2015,2.8,79,1,United States of America
Iguana,Drama,1988,6.0,88,1,Unknown
Chicago Overcoat,Action,2009,6.1,95,1,United States of America
Barry Munday,Comedy,2010,6.3,95,1,United States of America
Central Station,Drama,1998,7.6,113,1,Brazil
Pocketful of Miracles,Comedy,1961,7.3,136,1,United States of America
Close Range,Thriller,2015,4.9,80,1,United States of America
Boynton Beach Club,Comedy,2005,6.8,105,1,Unknown
Amnesiac,Thriller,2015,4.1,90,1,United States of America
Freakonomics,Drama,2010,6.6,93,1,United States of America
High Tension,Horror,2003,6.6,91,1,France
Griff the Invisible,Romance,2011,6.1,93,1,Australia
Unnatural,Thriller,2015,4.3,89,1,United States of America
Hustle & Flow,Drama,2005,6.9,116,1,United States of America
Some Like It Hot,Comedy,1959,8.0,122,4,United States of America
Friday the 13th Part VII: The New Blood,Horror,1988,5.3,88,1,United States of America
The Wizard of Oz,Action,1939,7.4,102,8,United States of America
Young Frankenstein,Comedy,1974,7.7,106,4,United States of America
Diary of the Dead,Horror,2007,5.4,95,2,United States of America
Lage Raho Munna Bhai,Comedy,2006,7.6,144,1,India
Ulee's Gold,Drama,1997,6.5,112,1,United States of America
The Black Stallion,Action,1979,7.0,118,1,United States of America
Sardaarji,Drama,2015,9.5,0,1,India
Journey to Saturn,Action,2008,4.9,90,1,Denmark
Donovan's Reef,Action,1963,6.0,109,1,United States of America
The Dress,Comedy,1996,7.0,103,1,Netherlands
A Guy Named Joe,Drama,1944,6.0,120,1,United States of America
Blazing Saddles,Drama,1974,7.2,93,3,United States of America
Friday the 13th: The Final Chapter,Horror,1984,5.9,91,2,United States of America
Ida,Drama,2013,7.1,80,2,Denmark
Maurice,Drama,1987,7.1,134,1,United Kingdom
Beer League,Comedy,2006,5.3,86,1,United States of America
Riding Giants,Drama,2004,7.6,105,1,France
Timecrimes,Sci-Fi,2007,7.0,92,2,Spain
Silver Medalist,Action,2009,7.4,99,1,China
Timber Falls,Horror,2007,5.2,97,1,United States of America
Singin' in the Rain,Comedy,1952,7.8,103,4,United States of America
"Fat, Sick & Nearly Dead",Drama,2010,7.1,97,1,United States of America
A Haunted House,Comedy,2013,5.4,86,2,United States of America
2016: Obama's America,Drama,2012,4.6,87,1,United States of America
That Thing You Do!,Comedy,1996,6.8,108,2,United States of America
Halloween III: Season of the Witch,Horror,1982,5.0,98,1,United States of America
Escape from the Planet of the Apes,Action,1971,6.3,98,2,United States of America
Hud,Action,1963,7.5,112,1,United States of America
Kevin Hart: Let Me Explain,Comedy,2013,7.1,74,1,United States of America
My Own Private Idaho,Drama,1991,7.1,104,1,United States of America
Garden State,Comedy,2004,7.1,102,3,United States of America
Before Sunrise,Drama,1995,7.7,105,3,Austria
Evil Words,Horror,2003,6.9,100,1,Canada
Jesus' Son,Comedy,1999,6.7,107,1,Canada
Saving Face,Comedy,2004,6.8,91,1,United States of America
Brick Lane,Drama,2007,5.2,102,1,United Kingdom
Robot & Frank,Sci-Fi,2012,6.8,85,3,United States of America
My Life Without Me,Drama,2003,7.2,106,1,Canada
The Spectacular Now,Comedy,2013,6.8,95,3,United States of America
Religulous,Comedy,2008,7.2,101,1,United States of America
Fuel,Drama,2008,7.0,90,1,United States of America
Valley of the Heart's Delight,Drama,2006,7.0,100,1,Unknown
Eye of the Dolphin,Drama,2007,7.1,100,1,United States of America
8: The Mormon Proposition,Drama,2010,5.5,80,1,Unknown
The Other End of the Line,Comedy,2008,6.1,106,1,India
Anatomy,Horror,2000,6.1,103,1,Germany
Sleep Dealer,Drama,2008,6.0,90,1,Mexico
Super,Comedy,2010,6.6,96,1,United States of America
Christmas Mail,Comedy,2010,5.0,89,1,United States of America
Stung,Comedy,2015,4.9,87,1,United States of America
Antibirth,Horror,2016,4.8,94,1,United States of America
Get on the Bus,Drama,1996,7.0,120,1,United States of America
Thr3e,Drama,2006,4.8,101,1,Poland
Idiocracy,Action,2006,6.3,84,3,United States of America
The Rise of the Krays,Thriller,2015,4.5,110,1,United Kingdom
This Is England,Drama,2006,7.4,101,1,United Kingdom
U.F.O.,Action,2012,3.1,101,1,United Kingdom
Bathing Beauty,Comedy,1944,7.0,101,1,United States of America
Go for It!,Drama,2011,4.6,105,1,United States of America
"Dancer, Texas Pop. 81",Comedy,1998,10.0,97,1,United States of America
Show Boat,Comedy,1951,6.9,107,1,United States of America
Redemption Road,Drama,2011,4.7,91,1,Unknown
The Calling,Thriller,2014,5.6,108,1,Canada
The Brave Little Toaster,Drama,1987,6.7,90,1,United States of America
Fantasia,Comedy,1940,7.2,124,4,United States of America
8 Days,Thriller,2014,6.2,90,1,United States of America
Friday the 13th Part III,Horror,1982,5.7,95,2,United States of America
Friday the 13th: A New Beginning,Horror,1985,5.1,92,1,United States of America
The Last Sin Eater,Drama,2007,6.2,117,1,United States of America
Do You Believe?,Drama,2015,6.6,115,1,United States of America
Impact Point,Thriller,2008,5.7,90,1,United States of America
The Valley of Decision,Drama,1945,5.8,119,1,United States of America
Eden,Thriller,2015,5.6,97,1,Malaysia
Chicken Tikka Masala,Comedy,2005,3.5,90,1,United Kingdom
There's Always Woodstock,Romance,2014,5.4,90,1,United States of America
Jack Brooks: Monster Slayer,Action,2007,5.7,85,1,Canada
The Best Years of Our Lives,Drama,1946,7.6,172,1,United States of America
Bully,Thriller,2001,6.7,113,1,United Kingdom
Elling,Comedy,2001,7.0,89,1,Norway
Mi America,Drama,2015,6.2,126,1,United States of America
[REC],Horror,2007,7.1,78,4,Spain
Lies in Plain Sight,Drama,2010,4.5,88,1,Unknown
Sharkskin,Drama,2015,6.2,0,1,Unknown
Containment,Thriller,2015,5.1,77,1,United Kingdom
The Timber,Action,2015,4.1,81,1,United States of America
From Russia with Love,Action,1963,6.9,115,5,United Kingdom
The Toxic Avenger Part II,Comedy,1989,5.3,96,1,United States of America
Sleeper,Comedy,1973,7.0,89,1,United States of America
It Follows,Horror,2015,6.6,100,12,United States of America
Everything You Always Wanted to Know About Sex *But Were Afraid to Ask,Comedy,1972,6.6,88,2,United States of America
To Kill a Mockingbird,Thriller,1962,8.0,129,3,United States of America
Mad Max 2: The Road Warrior,Action,1981,7.3,95,4,Australia
The Legend of Drunken Master,Action,1994,7.2,102,2,Hong Kong
Boys Don't Cry,Thriller,1999,7.2,118,2,United States of America
Silent House,Horror,2011,5.2,85,1,France
The Lives of Others,Drama,2006,7.9,137,4,Germany
Courageous,Drama,2011,6.8,129,1,United States of America
The Hustler,Drama,1961,7.6,134,2,United States of America
Boom Town,Action,1940,6.5,119,1,United States of America
The Triplets of Belleville,Action,2003,7.3,80,2,France
Smoke Signals,Drama,1998,6.6,89,1,Canada
American Splendor,Comedy,2003,7.1,101,1,United States of America
Before Sunset,Drama,2004,7.6,80,2,United States of America
Amores perros,Drama,2000,7.6,154,3,Mexico
Thirteen,Thriller,2003,6.7,100,2,United States of America
Gentleman's Agreement,Drama,1947,6.8,118,1,United States of America
Winter's Bone,Drama,2010,6.8,100,2,United States of America
Touching the Void,Drama,2003,7.6,106,2,United Kingdom
Alexander's Ragtime Band,Drama,1938,4.8,106,1,United States of America
Me and You and Everyone We Know,Comedy,2005,7.0,90,1,United States of America
Inside Job,Drama,2010,7.7,109,2,United States of America
We Are Your Friends,Drama,2015,6.3,96,3,United Kingdom
Ghost Dog: The Way of the Samurai,Thriller,1999,7.2,116,2,United States of America
Harsh Times,Thriller,2005,6.3,120,1,United States of America
Captive,Thriller,2015,5.6,97,1,United States of America
Full Frontal,Comedy,2002,4.8,96,1,United States of America
Witchboard,Horror,1986,5.9,98,1,United Kingdom
Shortbus,Romance,2006,6.3,101,2,United States of America
Waltz with Bashir,Drama,2008,7.8,90,2,Israel
"The Book of Mormon Movie, Volume 1: The Journey",Drama,2003,5.0,120,1,Unknown
No End in Sight,Drama,2007,7.2,102,1,Unknown
The Diary of a Teenage Girl,Drama,2015,6.8,98,2,United States of America
In the Shadow of the Moon,Drama,2007,7.6,109,1,United Kingdom
Meek's Cutoff,Drama,2010,6.5,104,1,United States of America
Inside Deep Throat,Drama,2005,6.8,92,1,United States of America
Dinner Rush,Drama,2000,7.1,99,1,United States of America
Clockwatchers,Comedy,1997,5.6,96,1,Unknown
The Virginity Hit,Comedy,2010,4.6,120,1,United States of America
Subway,Action,1985,6.3,104,1,France
House of D,Comedy,2005,6.1,97,1,United States of America
Teeth,Comedy,2007,5.2,94,1,United States of America
Six-String Samurai,Action,1998,5.8,91,1,United States of America
Hum To Mohabbat Karega,Drama,2000,6.2,0,1,Unknown
It's All Gone Pete Tong,Drama,2004,7.1,90,1,Canada
Saint John of Las Vegas,Comedy,2009,5.9,84,1,United States of America
24 7: Twenty Four Seven,Comedy,1997,6.3,96,1,United Kingdom
Stonewall,Drama,2015,5.2,129,1,United States of America
Roadside Romeo,Comedy,2008,6.7,93,1,India
This Thing of Ours,Drama,2005,5.0,100,1,Unknown
The Lost Medallion: The Adventures of Billy Stone,Action,2013,5.6,97,1,United States of America
The Last Five Years,Comedy,2014,5.5,94,1,United States of America
The Missing Person,Comedy,2009,6.4,95,1,United States of America
Return of the Living Dead 3,Comedy,1993,5.9,97,1,United States of America
London,Drama,2005,6.1,92,1,United Kingdom
Sherrybaby,Drama,2006,6.3,96,1,United States of America
Circle,Horror,2015,6.0,87,1,United States of America
Eden Lake,Horror,2008,6.7,91,2,United Kingdom
Plush,Thriller,2013,5.4,98,1,United States of America
Lesbian Vampire Killers,Horror,2009,5.3,86,1,United Kingdom
Gangster's Paradise: Jerusalema,Drama,2008,6.8,120,1,South Africa
Freeze Frame,Thriller,2004,6.9,99,1,United Kingdom
Grave Encounters,Thriller,2011,6.1,92,2,Canada
Stitches,Horror,2012,5.5,86,1,Ireland
Nine Dead,Thriller,2010,5.2,98,1,United States of America
"To Be Frank, Sinatra at 100",Drama,2015,6.2,103,1,United Kingdom
Bananas,Comedy,1971,6.7,82,1,United States of America
Supercapitalist,Thriller,2012,3.5,103,1,United States of America
Rockaway,Action,2007,5.8,76,1,United States of America
The Lady from Shanghai,Thriller,1947,7.2,87,1,United States of America
No Man's Land: The Rise of Reeker,Horror,2008,4.4,88,1,United States of America
Highway,Action,2002,5.6,97,1,United States of America
Small Apartments,Comedy,2012,5.7,96,1,United States of America
Coffee Town,Comedy,2013,6.7,87,1,United States of America
The Ghastly Love of Johnny X,Comedy,2013,6.6,106,1,Unknown
All Is Bright,Comedy,2013,5.3,107,1,United States of America
The Torture Chamber of Dr. Sadism,Thriller,1967,6.3,85,1,Germany
Straight A's,Comedy,2013,5.2,88,1,United States of America
A Funny Thing Happened on the Way to the Forum,Comedy,1966,6.1,99,1,United Kingdom
Slacker Uprising,Drama,2007,5.9,102,1,United States of America
The Legend of Hell's Gate: An American Conspiracy,Action,2011,3.9,108,1,United States of America
The Walking Deceased,Sci-Fi,2015,4.2,90,1,United States of America
The Curse of Downers Grove,Thriller,2015,4.4,89,1,United States of America
Shark Lake,Thriller,2015,4.4,92,1,United States of America
River's Edge,Thriller,1986,6.7,99,1,United States of America
Northfork,Drama,2003,6.7,103,1,United States of America
The Marine 4: Moving Target,Thriller,2015,5.8,90,1,Canada
Buried,Drama,2010,6.6,94,4,Spain
Submarine,Drama,2011,7.4,97,1,United Kingdom
The Square,Drama,2013,7.8,88,1,United Kingdom
One to Another,Drama,2006,5.8,95,1,France
ABCD (Any Body Can Dance),Drama,2013,5.6,160,1,India
Man on Wire,Thriller,2008,7.5,94,2,United Kingdom
Abandoned,Drama,2015,5.8,82,1,New Zealand
Brotherly Love,Drama,2015,6.9,89,1,Unknown
The Last Exorcism,Horror,2010,5.6,87,2,United States of America
Nowhere Boy,Drama,2009,7.2,98,1,Canada
A Streetcar Named Desire,Drama,1951,7.6,125,2,United States of America
Dr. Strangelove or: How I Learned to Stop Worrying and Love the Bomb,Drama,1964,8.0,95,5,United Kingdom
The Crime of Padre Amaro,Drama,2002,6.2,118,1,Mexico
Beasts of the Southern Wild,Drama,2012,6.8,93,1,United States of America
Battle for the Planet of the Apes,Action,1973,5.5,93,2,United States of America
Songcatcher,Drama,2001,5.6,109,1,United States of America
Higher Ground,Drama,2011,5.3,109,1,United States of America
Vaalu,Comedy,2015,6.7,155,1,India
The Greatest Movie Ever Sold,Comedy,2011,6.4,87,1,United States of America
Ed and His Dead Mother,Comedy,1993,5.5,93,1,Unknown
Travellers and Magicians,Action,2003,6.8,108,1,Bhutan
Hang 'em High,Drama,1968,6.7,114,1,United States of America
Deadline - U.S.A.,Thriller,1952,6.9,87,1,United States of America
Sublime,Horror,2007,5.3,113,1,United States of America
A Beginner's Guide to Snuff,Thriller,2016,6.2,87,1,Unknown
Independence Daysaster,Action,2013,4.2,86,1,Canada
Dysfunctional Friends,Comedy,2012,5.0,101,1,United States of America
Run Lola Run,Action,1998,7.2,81,3,Germany
May,Drama,2002,6.3,93,1,United States of America
Against the Wild,Action,2013,4.9,90,1,Canada
Under the Same Moon,Drama,2008,7.0,106,1,Mexico
Conquest of the Planet of the Apes,Action,1972,6.1,88,2,United States of America
In the Bedroom,Drama,2001,6.4,130,1,United States of America
I Spit on Your Grave,Thriller,2010,6.3,108,3,United States of America
"Happy, Texas",Comedy,1999,5.5,98,1,United States of America
My Summer of Love,Drama,2004,6.0,86,1,United States of America
The Lunchbox,Drama,2013,7.3,104,2,India
Yes,Drama,2005,5.9,100,1,United Kingdom
You Can't Take It With You,Comedy,1938,7.2,126,1,United States of America
From Here to Eternity,Drama,1953,7.2,118,1,United States of America
She Wore a Yellow Ribbon,Drama,1949,7.1,103,1,United States of America
Grace Unplugged,Drama,2013,6.0,102,1,United States of America
Foolish,Comedy,1999,6.3,84,1,United States of America
N-Secure,Drama,2010,4.3,0,1,Unknown
Caramel,Drama,2007,6.8,96,1,Lebanon
Out of the Dark,Thriller,2014,4.6,92,1,Spain
The Bubble,Drama,2006,7.6,114,1,France
The Conversation,Thriller,1974,7.5,113,2,United States of America
Dil Jo Bhi Kahey...,Romance,2006,6.2,0,1,India
Mississippi Mermaid,Thriller,1969,6.7,123,1,France
I Love Your Work,Drama,2003,6.5,111,1,Unknown
Cabin Fever,Horror,2016,4.4,99,1,United States of America
Waitress,Comedy,2007,6.7,108,1,United States of America
Bloodsport,Action,1988,6.6,92,2,United States of America
Mr. Smith Goes to Washington,Comedy,1939,7.9,129,1,United States of America
Kids,Drama,1995,6.8,91,2,United States of America
The Squid and the Whale,Comedy,2005,6.9,81,2,United States of America
Kissing Jessica Stein,Comedy,2001,5.9,97,1,United States of America
Kickboxer: Vengeance,Action,2016,4.5,90,1,United States of America
Spellbound,Drama,1945,7.3,111,1,United States of America
Exotica,Drama,1994,6.5,103,1,Canada
Buffalo '66,Romance,1998,7.1,110,1,United States of America
Insidious,Horror,2010,6.8,103,7,United States of America
Repo Man,Comedy,1984,6.7,92,1,United States of America
Nine Queens,Thriller,2000,7.4,114,1,Argentina
The Gatekeepers,Drama,2012,6.5,101,1,Unknown
The Ballad of Jack and Rose,Drama,2005,6.5,111,1,United States of America
The To Do List,Comedy,2013,5.5,104,2,United States of America
Killing Zoe,Action,1993,6.1,96,1,France
The Believer,Drama,2001,6.8,98,1,United States of America
Snow Angels,Drama,2008,6.5,106,1,United States of America
Unsullied,Thriller,2015,3.0,93,1,Unknown
Session 9,Horror,2001,6.2,100,1,United States of America
I Want Someone to Eat Cheese With,Comedy,2006,5.7,80,1,United States of America
Mooz-lum,Drama,2011,4.5,95,1,United States of America
Hatchet,Comedy,2006,5.7,83,1,United States of America
Modern Times,Drama,1936,8.1,87,3,United States of America
Stolen Summer,Drama,2002,6.4,91,1,Unknown
My Name Is Bruce,Comedy,2007,5.9,86,1,United States of America
The Salon,Comedy,2005,3.5,0,1,Unknown
Road Hard,Comedy,2015,6.6,97,1,United States of America
Forty Shades of Blue,Drama,2005,6.0,108,1,United States of America
Amigo,Drama,2010,6.0,128,1,United States of America
Pontypool,Horror,2009,6.6,93,1,Canada
Trucker,Drama,2008,6.8,90,1,United States of America
Me You and Five Bucks,Romance,2015,10.0,90,1,Unknown
The Lords of Salem,Horror,2012,5.1,101,2,Canada
Housebound,Horror,2014,6.5,109,1,New Zealand
Wal-Mart: The High Cost of Low Price,Drama,2005,6.9,98,1,United States of America
Fetching Cody,Comedy,2005,6.8,87,1,Unknown
Last I Heard,Drama,2013,6.0,98,1,Unknown
Closer to the Moon,Comedy,2013,6.4,112,1,Italy
Mutant World,Sci-Fi,2014,2.6,85,1,Canada
Growing Up Smith,Comedy,2017,7.4,102,1,Unknown
Checkmate,Thriller,2015,4.2,102,1,United States of America
#Horror,Drama,2015,3.3,90,1,United States of America
Wind Walkers,Action,2016,7.5,93,1,United States of America
Snow White and the Seven Dwarfs,Drama,1937,6.9,83,9,United States of America
The Holy Girl,Drama,2004,6.8,106,1,Argentina
Shalako,Drama,1968,5.4,113,1,United States of America
Incident at Loch Ness,Action,2004,5.9,94,1,Unknown
The Dog Lover,Drama,2016,5.3,101,1,United States of America
GirlHouse,Horror,2014,5.2,100,1,Canada
The Blue Room,Drama,2014,6.2,75,1,France
House at the End of the Drive,Thriller,2014,6.2,91,1,United States of America
"Lock, Stock and Two Smoking Barrels",Comedy,1998,7.5,105,2,United Kingdom
The Ballad of Gregorio Cortez,Drama,1983,6.2,104,1,United States of America
The Celebration,Drama,1998,7.7,105,1,Denmark
Trees Lounge,Comedy,1996,6.7,95,1,Unknown
Journey from the Fall,Drama,2006,5.0,135,1,Unknown
The Basket,Drama,2000,6.5,105,1,Unknown
Eddie: The Sleepwalking Cannibal,Horror,2012,6.1,79,1,Canada
Queen of the Mountains,Drama,2014,6.2,135,1,Kyrgyz Republic
Def-Con 4,Sci-Fi,1985,2.8,88,1,Canada
The Hebrew Hammer,Action,2003,5.9,85,1,United States of America
Neal 'n' Nikki,Comedy,2005,2.3,122,1,India
The 41–Year–Old Virgin Who Knocked Up Sarah Marshall and Felt Superbad About It,Comedy,2010,3.2,82,1,United States of America
Forget Me Not,Drama,2009,5.0,103,1,United States of America
Rebecca,Drama,1940,7.7,130,2,United States of America
Friday the 13th Part 2,Horror,1981,6.0,87,2,United States of America
The Lost Weekend,Drama,1945,7.4,101,1,United States of America
C.H.U.D.,Horror,1984,5.3,88,1,United States of America
Filly Brown,Drama,2013,5.9,100,1,Unknown
The Lion of Judah,Action,2011,5.8,87,1,United States of America
Niagara,Thriller,1953,6.7,92,1,United States of America
How Green Was My Valley,Drama,1941,6.8,118,1,United States of America
Da Sweet Blood of Jesus,Thriller,2014,4.1,123,1,United States of America
"Sex, Lies, and Videotape",Drama,1989,6.7,100,1,United States of America
Saw,Horror,2004,7.2,103,7,United States of America
Super Troopers,Comedy,2001,6.6,100,2,United States of America
The Algerian,Drama,2015,6.2,99,1,Algeria
The Amazing Catfish,Comedy,2013,5.7,87,1,Mexico
Monsoon Wedding,Comedy,2001,6.8,114,1,India
You Can Count on Me,Drama,2000,6.8,111,1,United States of America
The Trouble with Harry,Comedy,1955,6.9,99,1,United States of America
But I'm a Cheerleader,Comedy,1999,6.5,85,1,United States of America
Home Run,Drama,2013,6.3,114,1,United States of America
Reservoir Dogs,Thriller,1992,8.0,99,8,United States of America
The Blue Bird,Drama,1940,6.4,88,1,United States of America
"The Good, the Bad and the Ugly",Drama,1966,8.1,161,10,United States of America
The Second Mother,Drama,2015,7.8,110,1,Brazil
Blue Like Jazz,Drama,2012,5.8,106,1,United States of America
Down & Out With The Dolls,Comedy,2003,6.2,88,1,Unknown
"Pink Ribbons, Inc.",Drama,2011,6.8,97,1,United States of America
Certifiably Jonathan,Comedy,2007,6.2,85,1,Unknown
Desire,Drama,2011,4.1,103,2,France
The Blade of Don Juan,Drama,2013,6.2,98,1,Unknown
Grand Theft Parsons,Thriller,2003,6.0,88,1,Unknown
Extreme Movie,Comedy,2008,3.9,88,1,United States of America
The Charge of the Light Brigade,Action,1936,6.8,115,1,United States of America
Below Zero,Thriller,2011,4.4,0,1,Canada
Crowsnest,Drama,2012,4.8,84,1,Canada
Airborne,Action,1993,6.1,91,1,United States of America
Cotton Comes to Harlem,Action,1970,6.7,97,1,Unknown
The Wicked Within,Horror,2015,4.2,91,1,United States of America
Bleeding Hearts,Horror,2013,2.0,0,1,Unknown
Waiting...,Comedy,2005,6.2,94,1,United States of America
Dead Man's Shoes,Drama,2004,7.2,90,1,United Kingdom
From a Whisper to a Scream,Comedy,1987,6.8,99,1,United States of America
Sex With Strangers,Drama,2002,5.0,0,1,Unknown
Dracula: Pages from a Virgin's Diary,Horror,2002,6.9,75,1,Canada
Faith Like Potatoes,Drama,2006,6.0,97,1,South Africa
Beyond the Black Rainbow,Drama,2010,5.7,110,1,Canada
The Raid,Action,2011,7.3,101,5,Indonesia
The Dead Undead,Horror,2010,3.1,90,1,Unknown
The Vatican Exorcisms,Horror,2013,4.4,0,1,Unknown
Casablanca,Drama,1942,7.9,102,5,United States of America
Lake Mungo,Horror,2008,6.1,84,1,Australia
Rocket Singh: Salesman of the Year,Drama,2009,7.0,156,1,India
Silent Running,Action,1972,6.3,89,1,United States of America
Rocky,Drama,1976,7.5,119,8,United States of America
The Sleepwalker,Drama,2014,4.1,92,1,Norway
Tom Jones,Action,1963,6.1,128,1,United Kingdom
Unfriended,Horror,2015,5.5,82,5,United States of America
Taxi Driver,Thriller,1976,8.0,114,7,United States of America
The Howling,Drama,1981,6.4,91,1,United States of America
Dr. No,Action,1962,6.9,110,6,Jamaica
Chernobyl Diaries,Horror,2012,4.9,88,2,United States of America
Hellraiser,Horror,1987,6.9,94,3,United Kingdom
God's Not Dead 2,Drama,2016,5.7,121,1,United States of America
Cry_Wolf,Horror,2005,5.6,90,1,United States of America
Godzilla 2000,Action,1999,5.9,107,1,Japan
Blue Valentine,Drama,2010,6.9,112,3,United States of America
Transamerica,Drama,2005,6.9,103,1,United States of America
The Devil Inside,Thriller,2012,4.6,83,2,United States of America
Beyond the Valley of the Dolls,Comedy,1970,6.6,109,1,United States of America
Love Me Tender,Drama,1956,5.5,89,1,United States of America
An Inconvenient Truth,Drama,2006,6.7,100,2,United States of America
Sands of Iwo Jima,Action,1949,6.2,100,1,United States of America
Shine a Light,Drama,2008,7.2,122,1,United Kingdom
The Green Inferno,Action,2014,5.0,100,2,Canada
Departure,Drama,2016,7.5,109,1,France
The Sessions,Drama,2012,6.6,98,1,United States of America
"Food, Inc.",Drama,2008,7.4,94,2,United States of America
October Baby,Drama,2011,6.8,107,1,United States of America
Next Stop Wonderland,Comedy,1998,6.0,96,1,United States of America
The Skeleton Twins,Drama,2014,6.7,90,2,United States of America
Martha Marcy May Marlene,Drama,2011,6.7,101,2,United States of America
Obvious Child,Comedy,2014,6.7,83,1,United States of America
Frozen River,Drama,2008,6.7,97,1,United States of America
20 Feet from Stardom,Drama,2013,7.4,89,1,United States of America
Two Girls and a Guy,Drama,1997,5.4,84,1,United States of America
Walking and Talking,Comedy,1996,6.6,86,1,Germany
Who Killed the Electric Car?,Drama,2006,7.2,92,1,United States of America
The Broken Hearts Club: A Romantic Comedy,Comedy,2000,6.3,94,1,United States of America
Bubba Ho-tep,Comedy,2002,6.7,92,1,United States of America
Slam,Drama,1998,6.7,100,1,Unknown
Brigham City,Thriller,2001,7.3,119,1,United States of America
Fiza,Drama,2000,6.1,170,1,India
Orgazmo,Comedy,1997,6.2,94,1,Japan
All the Real Girls,Drama,2003,5.9,108,1,United States of America
Dream with the Fishes,Comedy,1997,7.7,97,1,United States of America
Blue Car,Drama,2002,6.7,92,1,Unknown
Palo Alto,Drama,2014,6.4,100,2,United States of America
Ajami,Thriller,2009,6.8,120,1,Israel
Wristcutters: A Love Story,Comedy,2006,6.7,88,1,United Kingdom
I Origins,Sci-Fi,2014,7.5,106,4,United States of America
The Battle of Shaker Heights,Comedy,2003,5.6,79,1,United States of America
The Act of Killing,Drama,2012,7.5,115,1,Denmark
Taxi to the Dark Side,Drama,2007,6.6,106,1,United Kingdom
Once in a Lifetime: The Extraordinary Story of the New York Cosmos,Drama,2006,4.7,97,1,Unknown
Guiana 1838,Drama,2004,2.8,120,1,Guyana
Lisa Picard Is Famous,Drama,2000,4.0,90,1,Unknown
Antarctica: A Year on Ice,Drama,2013,7.2,92,1,New Zealand
A LEGO Brickumentary,Drama,2015,6.4,93,1,United States of America
Hardflip,Drama,2012,4.7,114,1,Unknown
Chocolate: Deep Dark Secrets,Thriller,2005,3.4,200,1,India
The House of the Devil,Thriller,2009,6.0,95,1,United States of America
The Perfect Host,Comedy,2010,6.2,93,1,United States of America
Safe Men,Comedy,1998,6.3,88,1,United States of America
Speedway Junky,Romance,1999,5.2,104,1,United States of America
The Last Big Thing,Comedy,1998,6.0,98,1,United States of America
The Specials,Action,2000,5.5,82,1,United States of America
16 to Life,Comedy,2009,4.4,118,1,Unknown
Alone With Her,Thriller,2006,6.2,78,1,United States of America
Creative Control,Drama,2016,5.4,97,1,United States of America
Special,Drama,2006,6.6,81,1,United States of America
Sparkler,Drama,1999,6.2,96,1,Unknown
The Helix... Loaded,Action,2005,4.8,97,1,United States of America
In Her Line of Fire,Drama,2006,3.3,88,1,United States of America
The Jimmy Show,Comedy,2002,8.0,96,1,United States of America
Heli,Thriller,2013,6.2,105,1,Mexico
Karachi se Lahore,Comedy,2015,8.0,0,1,Pakistan
Loving Annabelle,Drama,2006,6.4,76,1,United States of America
Hits,Drama,2014,4.9,96,1,United States of America
Jimmy and Judy,Action,2006,5.4,99,1,United States of America
Frat Party,Comedy,2009,3.5,84,1,United States of America
The Party's Over,Drama,1965,6.1,94,1,United Kingdom
Proud,Drama,2004,5.5,87,1,Unknown
The Poker House,Drama,2008,6.1,93,1,United States of America
Childless,Drama,2015,4.5,90,1,United States of America
ZMD: Zombies of Mass Destruction,Horror,2009,4.7,92,1,United States of America
Snow White: A Deadly Summer,Horror,2012,4.8,85,1,Unknown
Hidden Away,Romance,2014,7.6,96,1,Spain
My Last Day Without You,Comedy,2011,5.7,90,1,United States of America
Steppin: The Movie,Comedy,2009,5.0,85,1,United States of America
Doc Holliday's Revenge,Drama,2014,3.2,84,1,United States of America
Black Rock,Thriller,2012,4.9,83,1,United States of America
Truth or Dare,Horror,2012,5.7,95,1,United Kingdom
The Pet,Drama,2006,5.3,94,1,Unknown
Bang Bang Baby,Sci-Fi,2014,6.6,90,1,Canada
Fear Clinic,Horror,2014,4.0,95,1,United States of America
Zombie Hunter,Comedy,2013,3.5,93,1,United States of America
A Fine Step,Drama,2014,4.1,90,1,Unknown
Charly,Drama,1968,6.6,103,1,United States of America
Banshee Chapter,Horror,2013,5.7,87,1,United States of America
Ask Me Anything,Drama,2014,5.5,100,1,United States of America
And Then Came Love,Comedy,2007,5.0,90,1,Unknown
Food Chains,Drama,2014,7.4,83,1,Unknown
On the Waterfront,Thriller,1954,8.0,108,2,United States of America
L!fe Happens,Comedy,2011,5.3,100,1,Canada
"4 Months, 3 Weeks and 2 Days",Drama,2007,7.3,113,1,Belgium
The Horror Network Vol. 1,Horror,2015,5.0,0,1,Unknown
Hard Candy,Drama,2005,6.8,103,3,United States of America
The Quiet,Drama,2005,6.1,96,1,United States of America
Circumstance,Drama,2011,7.4,107,1,France
Fruitvale Station,Drama,2013,7.3,85,2,United States of America
The Brass Teapot,Comedy,2012,5.8,100,1,United States of America
Bambi,Comedy,1942,6.8,70,5,United States of America
The Hammer,Comedy,2007,6.5,88,1,United States of America
Latter Days,Drama,2003,6.7,107,1,United States of America
Elza,Drama,2011,6.2,78,1,Guadaloupe
1982,Drama,2013,5.0,90,1,United States of America
"For a Good Time, Call...",Comedy,2012,5.8,85,2,United States of America
Celeste & Jesse Forever,Comedy,2012,6.4,91,1,United States of America
Time Changer,Comedy,2002,5.2,95,1,United States of America
London to Brighton,Thriller,2006,6.5,85,1,United Kingdom
American Hero,Action,2015,5.0,86,1,United States of America
Windsor Drive,Thriller,2015,2.0,90,1,United States of America
A Separation,Drama,2011,7.7,123,1,Iran
Crying with Laughter,Comedy,2009,7.0,93,1,United Kingdom
Welcome to the Dollhouse,Comedy,1995,6.9,88,1,United States of America
Ruby in Paradise,Drama,1993,5.6,114,1,United States of America
Raising Victor Vargas,Drama,2002,7.8,88,1,United States of America
Pandora's Box,Drama,1929,7.6,109,1,Germany
Harrison Montgomery,Drama,2008,6.2,0,1,Unknown
Live-In Maid,Drama,2004,7.8,83,1,Argentina
Deterrence,Action,2000,6.1,101,1,United States of America
The Mudge Boy,Drama,2003,7.3,94,1,United States of America
The Young Unknowns,Drama,2000,6.2,87,1,Unknown
Not Cool,Comedy,2014,3.7,90,1,United States of America
Dead Snow,Horror,2009,6.1,91,1,Norway
Saints and Soldiers,Action,2003,6.6,90,1,United States of America
Vessel,Horror,2012,5.9,14,1,United States of America
American Graffiti,Comedy,1973,6.9,110,2,United States of America
Iraq for Sale: The War Profiteers,Drama,2006,8.0,75,1,Unknown
Aqua Teen Hunger Force Colon Movie Film for Theaters,Comedy,2007,6.5,86,1,United States of America
Safety Not Guaranteed,Comedy,2012,6.8,85,3,United States of America
Kevin Hart: Laugh at My Pain,Comedy,2011,7.7,89,1,United States of America
Kill List,Horror,2011,6.0,95,1,United Kingdom
The Innkeepers,Horror,2011,5.4,102,2,United States of America
The Conformist,Drama,1970,7.6,107,1,Italy
Interview with the Assassin,Drama,2002,5.6,88,1,Unknown
Donkey Punch,Horror,2008,4.5,99,1,United Kingdom
All the Boys Love Mandy Lane,Horror,2008,5.7,90,1,United States of America
Bled,Horror,2008,3.8,95,1,Unknown
High Noon,Drama,1952,7.6,85,2,United States of America
Hoop Dreams,Drama,1994,7.7,171,1,United States of America
Rize,Drama,2005,5.9,86,1,United States of America
L.I.E.,Drama,2001,6.7,97,1,United States of America
The Sisterhood of Night,Thriller,2015,6.5,104,1,Unknown
B-Girl,Thriller,2009,5.5,84,1,United States of America
Half Nelson,Drama,2006,6.5,107,1,United States of America
Naturally Native,Drama,1999,6.2,107,1,United States of America
Hav Plenty,Action,1997,6.2,92,1,United States of America
Adulterers,Thriller,2016,5.2,80,1,Unknown
Escape from Tomorrow,Horror,2013,4.8,90,1,United States of America
Starsuckers,Drama,2009,6.2,103,1,Unknown
The Hadza:  Last of the First,Drama,2014,6.2,70,1,United States of America
After,Thriller,2012,5.6,90,1,United States of America
Treachery,Drama,2013,4.8,68,1,Unknown
Walter,Drama,2015,5.3,87,1,United States of America
Top Hat,Comedy,1935,7.4,101,1,United States of America
The Blair Witch Project,Horror,1999,6.3,81,5,United States of America
Woodstock,Drama,1970,7.1,225,1,United States of America
The Kentucky Fried Movie,Comedy,1977,6.4,83,1,United States of America
Mercy Streets,Action,2000,5.5,106,1,Unknown
Carousel of Revenge,Thriller,2007,6.2,103,1,United States of America
Broken Vessels,Drama,1998,6.0,90,1,Unknown
Water & Power,Thriller,2014,3.0,0,1,Unknown
They Will Have to Kill Us First,Comedy,2015,5.0,105,1,United Kingdom
Light from the Darkroom,Drama,2014,6.2,0,1,Unknown
The Country Doctor,Drama,2016,6.0,102,1,France
The Maid's Room,Thriller,2014,4.8,98,1,United States of America
A Hard Day's Night,Comedy,1964,7.3,88,1,United Kingdom
The Harvest (La Cosecha),Drama,2011,6.2,80,1,Unknown
Love Letters,Drama,1983,4.6,98,1,United States of America
Juliet and Alfa Romeo,Comedy,2015,6.0,83,1,Slovenia
Fireproof,Drama,2008,7.0,122,1,United States of America
Faith Connections,Drama,2013,4.2,115,1,France
Benji,Action,1974,6.1,86,1,United States of America
Open Water,Drama,2004,5.4,79,2,United States of America
High Road,Comedy,2012,5.8,87,1,United States of America
Kingdom of the Spiders,Horror,1977,5.7,97,1,United States of America
Mad Hot Ballroom,Drama,2005,7.2,105,1,United States of America
The Station Agent,Drama,2003,7.4,88,1,United States of America
To Save A Life,Drama,2009,6.2,120,1,United States of America
Wordplay,Drama,2006,7.3,94,1,Unknown
Beyond the Mat,Drama,1999,7.8,102,1,United States of America
The Singles Ward,Comedy,2002,7.5,102,1,United States of America
Osama,Drama,2003,6.3,83,1,Afghanistan
Sholem Aleichem: Laughing In The Darkness,Drama,2012,7.0,93,1,Unknown
Groove,Drama,2000,5.6,86,1,United States of America
The R.M.,Comedy,2003,4.8,101,1,United States of America
Twin Falls Idaho,Drama,1999,7.0,111,1,Unknown
Mean Creek,Thriller,2004,6.9,90,1,United States of America
Hurricane Streets,Romance,1997,4.8,86,1,United States of America
Never Again,Comedy,2002,4.0,98,1,Unknown
Civil Brand,Thriller,2003,5.3,95,1,United States of America
Lonesome Jim,Comedy,2005,6.4,91,1,Unknown
Drinking Buddies,Romance,2013,6.0,90,2,United States of America
Deceptive Practice: The Mysteries and Mentors of Ricky Jay,Drama,2012,7.1,88,1,United States of America
Seven Samurai,Action,1954,8.2,207,5,Japan
The Other Dream Team,Drama,2012,6.9,89,1,Unknown
Johnny Suede,Comedy,1991,4.7,97,1,Switzerland
Finishing The Game,Comedy,2007,4.9,84,1,United States of America
Rubber,Comedy,2010,5.7,85,1,France
Kiss the Bride,Drama,2007,4.2,100,1,United States of America
The Slaughter Rule,Drama,2002,6.2,112,1,United States of America
Monsters,Drama,2010,6.2,94,3,United Kingdom
The Californians,Drama,2005,4.0,91,1,United States of America
The Living Wake,Comedy,2007,5.0,91,1,Unknown
Detention of the Dead,Comedy,2012,4.5,87,1,United States of America
Crazy Stone,Action,2006,6.9,98,1,China
Scott Walker: 30 Century Man,Drama,2006,7.0,95,1,France
Everything Put Together,Drama,2001,5.0,87,1,United States of America
Good Kill,Action,2015,5.9,104,1,United States of America
The Outrageous Sophie Tucker,Drama,2014,6.2,96,1,Unknown
Now Is Good,Drama,2012,7.3,103,2,United Kingdom
Girls Gone Dead,Horror,2012,3.5,104,1,United States of America
America Is Still the Place,Drama,2000,6.2,0,1,Unknown
Subconscious,Action,2015,3.4,110,1,United States of America
Enter Nowhere,Thriller,2011,6.5,90,1,United States of America
El Rey de Najayo,Thriller,2012,6.2,101,1,Dominican Republic
Fight to the Finish,Romance,2016,5.2,94,1,United States of America
Alleluia! The Devil's Carnival,Comedy,2016,6.0,0,1,United States of America
The Sound and the Shadow,Thriller,2014,6.2,90,1,United States of America
Rodeo Girl,Comedy,2016,5.5,108,1,United States of America
Born to Fly: Elizabeth Streb vs. Gravity,Drama,2014,5.0,82,1,United States of America
The Little Ponderosa Zoo,Drama,2014,2.0,84,1,Unknown
The Toxic Avenger,Sci-Fi,1984,6.3,82,1,United States of America
Straight Out of Brooklyn,Drama,1991,4.3,0,1,Unknown
Bloody Sunday,Action,2002,7.2,107,1,Ireland
Diamond Ruff,Drama,2015,2.4,0,1,Unknown
Conversations with Other Women,Drama,2006,6.2,84,1,United Kingdom
Poultrygeist: Night of the Chicken Dead,Horror,2006,5.9,103,1,United States of America
Mutual Friends,Drama,2014,6.2,0,1,Unknown
42nd Street,Comedy,1933,6.1,89,1,United States of America
Rise of the Entrepreneur: The Search for a Better Way,Drama,2014,8.0,0,1,Unknown
Metropolitan,Comedy,1990,7.0,98,1,United States of America
As It Is in Heaven,Romance,2004,6.9,132,1,Sweden
Roadside,Horror,2013,4.2,90,1,Unknown
Napoleon Dynamite,Comedy,2004,6.7,95,3,United States of America
Blue Ruin,Thriller,2014,6.9,90,3,United States of America
Paranormal Activity,Horror,2007,5.9,86,5,United States of America
Dogtown and Z-Boys,Drama,2001,7.2,91,1,United States of America
Monty Python and the Holy Grail,Action,1975,7.8,91,7,United Kingdom
Quinceañera,Drama,2006,7.0,90,1,United States of America
Gory Gory Hallelujah,Drama,2003,1.0,0,1,Unknown
Tarnation,Drama,2003,7.5,91,1,United States of America
I Want Your Money,Drama,2010,3.8,92,1,Unknown
Love in the Time of Monsters,Horror,2014,5.0,0,1,United States of America
The Beyond,Horror,1981,6.6,87,1,Italy
What Happens in Vegas,Comedy,2008,5.8,99,4,United States of America
The Dark Hours,Horror,2005,5.5,80,1,Canada
My Beautiful Laundrette,Romance,1985,6.6,97,1,United Kingdom
Fabled,Drama,2002,6.2,84,1,Unknown
Show Me,Drama,2004,5.6,97,1,Canada
Cries and Whispers,Drama,1972,7.8,91,1,Sweden
Intolerance,Drama,1916,7.4,197,1,United States of America
Trekkies,Drama,1997,6.3,86,1,United States of America
The Broadway Melody,Drama,1929,5.0,100,1,United States of America
The Evil Dead,Horror,1981,7.3,85,4,United States of America
Maniac,Horror,2012,6.0,89,2,France
Censored Voices,Drama,2015,5.1,84,1,Germany
Murderball,Drama,2005,6.9,88,1,United States of America
American Ninja 2: The Confrontation,Action,1987,4.9,90,1,United States of America
51 Birch Street,Drama,2006,6.8,90,1,Unknown
Rotor DR1,Sci-Fi,2015,4.7,98,1,United States of America
12 Angry Men,Drama,1957,8.2,96,7,United States of America
My Dog Tulip,Comedy,2009,7.6,83,1,United States of America
It Happened One Night,Comedy,1934,7.7,105,1,United States of America
Dogtooth,Drama,2009,6.9,94,3,Greece
Tupac: Resurrection,Comedy,2003,8.0,112,1,United States of America
Tumbleweeds,Comedy,1999,6.2,102,1,United States of America
The Prophecy,Drama,1995,6.4,98,1,United States of America
When the Cat's Away,Comedy,1996,6.1,91,1,France
Pieces of April,Comedy,2003,6.4,81,1,United States of America
The Big Swap,Drama,1998,6.2,0,1,Unknown
Old Joy,Drama,2006,6.3,73,1,United States of America
Wendy and Lucy,Drama,2008,6.4,80,1,United States of America
3 Backyards,Drama,2010,4.8,88,1,United States of America
Pierrot le Fou,Drama,1965,7.6,110,1,France
Sisters in Law,Drama,2005,7.3,104,1,Cameroon
Ayurveda: Art of Being,Drama,2001,5.5,101,1,India
Nothing But a Man,Drama,1964,7.0,95,1,United States of America
"First Love, Last Rites",Drama,1998,3.0,94,1,United States of America
Fighting Tommy Riley,Action,2005,5.3,0,1,Unknown
Royal Kill,Action,2009,2.8,90,1,Unknown
The Looking Glass,Drama,2015,7.0,110,1,Unknown
Death Race 2000,Action,1975,5.9,80,1,United States of America
Locker 13,Horror,2014,6.8,90,1,United States of America
Midnight Cabaret,Horror,1990,6.2,94,1,Unknown
Anderson's Cross,Romance,2010,6.2,98,1,United States of America
Bizarre,Drama,2015,6.2,99,1,United States of America
Graduation Day,Horror,1981,5.0,96,1,United States of America
Some Guy Who Kills People,Comedy,2011,5.7,97,1,United States of America
Compliance,Drama,2012,6.3,90,1,United States of America
Chasing Amy,Comedy,1997,6.7,113,2,United States of America
Lovely & Amazing,Comedy,2001,6.3,91,1,United States of America
Death Calls,Drama,2010,6.2,0,1,Unknown
Better Luck Tomorrow,Thriller,2002,6.5,101,1,United States of America
The Incredibly True Adventure of Two Girls In Love,Comedy,1995,5.7,94,1,United States of America
Chuck & Buck,Comedy,2000,5.7,96,1,United States of America
American Desi,Drama,2001,5.0,100,1,United States of America
Amidst the Devil's Wings,Drama,2014,6.2,90,1,United States of America
Cube,Thriller,1997,6.9,90,5,Canada
Love and Other Catastrophes,Comedy,1996,5.8,78,1,Australia
I Married a Strange Person!,Drama,1998,7.5,72,1,United States of America
November,Drama,2004,4.9,73,1,United States of America
Like Crazy,Drama,2011,6.4,90,2,United States of America
Teeth and Blood,Horror,2015,3.0,96,1,Unknown
Sugar Town,Comedy,1999,5.5,92,1,United Kingdom
The Motel,Drama,2005,7.0,75,1,United States of America
The Canyons,Thriller,2013,4.1,99,1,United States of America
On the Outs,Drama,2004,5.9,86,1,United States of America
Shotgun Stories,Drama,2007,6.9,92,1,United States of America
Exam,Thriller,2009,6.6,101,2,United Kingdom
The Sticky Fingers of Time,Sci-Fi,1997,4.8,90,1,Unknown
Sunday School Musical,Comedy,2008,5.5,93,1,United States of America
Rust,Drama,2010,6.2,94,1,Unknown
Ink,Action,2009,6.4,106,1,United States of America
The Christmas Bunny,Drama,2010,5.7,96,1,United States of America
Butterfly,Thriller,1982,5.0,107,1,United States of America
UnDivided,Drama,2013,6.2,0,1,Unknown
The Frozen,Horror,2012,4.2,0,1,Unknown
Horse Camp,Comedy,2015,5.5,108,1,United States of America
Give Me Shelter,Drama,2014,6.2,90,1,United States of America
The Big Parade,Drama,1925,7.0,151,1,United States of America
Little Big Top,Comedy,2006,10.0,0,1,United States of America
Along the Roadside,Romance,2013,7.7,118,1,United States of America
Bronson,Drama,2008,6.9,92,2,United Kingdom
Western Religion,Drama,2015,6.2,106,1,United States of America
Burn,Drama,2012,6.9,86,1,United States of America
Urbania,Romance,2000,5.2,103,1,Unknown
The Stewardesses,Comedy,1969,4.3,69,1,Unknown
"The Beast from 20,000 Fathoms",Action,1953,6.7,80,1,United States of America
Mad Max,Action,1979,6.6,93,4,Australia
Swingers,Comedy,1996,6.8,94,2,United States of America
A Fistful of Dollars,Drama,1964,7.6,99,4,Italy
She Done Him Wrong,Comedy,1933,5.1,66,1,United States of America
Short Cut to Nirvana: Kumbh Mela,Drama,2004,6.2,85,1,Unknown
The Grace Card,Drama,2011,6.5,101,1,United States of America
Middle of Nowhere,Drama,2012,6.6,101,1,United States of America
Three,Romance,2010,6.3,119,1,Germany
The Business of Fancydancing,Comedy,2002,8.0,103,1,United States of America
Call + Response,Drama,2008,8.0,86,1,Unknown
Malevolence,Thriller,2004,4.9,90,1,United States of America
Reality Show,Drama,2015,5.5,92,1,United States of America
Super Hybrid,Horror,2010,4.6,95,1,Germany
Baghead,Drama,2008,5.8,84,1,United States of America
American Beast,Horror,2014,6.2,89,1,United States of America
The Case of the Grinning Cat,Drama,2004,7.7,59,1,France
Ordet,Drama,1955,7.8,126,1,Denmark
Good Dick,Comedy,2008,6.1,86,1,United States of America
The Man from Earth,Sci-Fi,2007,7.7,87,4,United States of America
The Trials Of Darryl Hunt,Drama,2007,6.8,106,1,United States of America
Samantha: An American Girl Holiday,Drama,2004,4.6,86,1,Unknown
Yesterday Was a Lie,Drama,2008,6.0,89,1,United States of America
Theresa Is a Mother,Comedy,2015,6.2,105,1,United States of America
H.,Thriller,2014,6.5,93,1,United States of America
Archaeology of a Woman,Drama,2014,6.2,94,1,United States of America
Children of Heaven,Drama,1997,7.8,89,1,Iran
Weekend,Drama,2011,7.4,96,1,United Kingdom
She's Gotta Have It,Comedy,1986,6.1,84,1,United States of America
Butterfly Girl,Drama,2014,6.2,77,1,United States of America
The World Is Mine,Drama,2015,6.2,104,1,Romania
Another Earth,Drama,2011,6.8,92,3,United States of America
Sweet Sweetback's Baadasssss Song,Action,1971,4.6,97,1,United States of America
Perfect Cowboy,Drama,2014,5.0,109,1,Unknown
Tadpole,Comedy,2002,5.5,78,1,United States of America
Once,Drama,2007,7.3,85,2,Ireland
The Woman Chaser,Drama,1999,4.9,90,1,United States of America
The Horse Boy,Drama,2009,5.5,93,1,Unknown
When the Lights Went Out,Thriller,2012,5.8,86,1,United Kingdom
Heroes of Dirt,Action,2015,6.2,98,1,United States of America
A Charlie Brown Christmas,Comedy,1965,7.5,25,1,United States of America
Antarctic Edge: 70° South,Drama,2015,6.2,72,1,United States of America
Aroused,Drama,2013,7.2,73,1,United States of America
Top Spin,Drama,2014,6.8,80,1,United States of America
Roger & Me,Drama,1989,7.4,91,1,United States of America
An American in Hollywood,Drama,2014,6.2,89,1,United States of America
Sound of My Voice,Sci-Fi,2011,6.3,85,1,United States of America
The Blood of My Brother: A Story of Death in Iraq,Drama,2005,6.2,90,1,Unknown
Your Sister's Sister,Drama,2011,6.5,90,1,United States of America
A Dog's Breakfast,Comedy,2007,5.9,88,1,Canada
The Married Woman,Drama,1964,7.1,95,1,France
The Birth of a Nation,Drama,2016,6.5,120,1,United States of America
The Work and The Story,Comedy,2003,6.2,70,1,United States of America
Facing the Giants,Drama,2006,6.6,111,1,United States of America
The Gallows,Horror,2015,4.9,87,2,United States of America
Eraserhead,Drama,1977,7.5,89,2,United States of America
Hollywood Shuffle,Comedy,1987,5.7,78,1,Unknown
The Mighty,Comedy,1998,7.1,100,1,United States of America
Penitentiary,Action,1979,4.9,99,1,Unknown
The Lost Skeleton of Cadavra,Comedy,2001,6.5,90,1,United States of America
Dude Where's My Dog?,Comedy,2014,6.2,0,1,Unknown
Cheap Thrills,Drama,2013,6.3,85,1,United States of America
Indie Game: The Movie,Drama,2012,7.4,96,1,Canada
Straightheads,Thriller,2007,5.2,88,1,United Kingdom
Open Secret,Thriller,1948,7.0,68,1,United States of America
Echo Dr.,Thriller,2013,5.0,85,1,United States of America
The Night Visitor,Thriller,1971,7.3,106,1,Sweden
The Past Is a Grotesque Animal,Drama,2014,5.5,77,1,United States of America
"Peace, Propaganda & the Promised Land",Drama,2005,6.4,80,1,United States of America
Pi,Thriller,1998,7.1,84,3,United States of America
"I Love You, Don't Touch Me!",Comedy,1997,6.0,86,1,United States of America
20 Dates,Romance,1998,3.7,87,1,United States of America
Queen Crab,Sci-Fi,2015,3.3,90,1,United States of America
Super Size Me,Drama,2004,6.6,100,1,United States of America
The FP,Comedy,2011,4.5,82,1,United States of America
Happy Christmas,Comedy,2014,5.2,82,1,United States of America
The Brain That Wouldn't Die,Horror,1962,4.4,82,1,United States of America
Tiger Orange,Drama,2014,6.4,75,1,United States of America
Supporting Characters,Drama,2012,6.7,87,1,Unknown
Absentia,Thriller,2011,5.8,92,1,United States of America
The Brothers McMullen,Comedy,1995,6.3,98,1,United States of America
The Dirties,Drama,2013,6.0,83,1,Canada
Gabriela,Drama,1983,6.0,99,1,Brazil
Tiny Furniture,Romance,2010,5.6,99,1,United States of America
Hayride,Thriller,2012,5.1,93,1,United States of America
The Naked Ape,Drama,2006,5.0,110,1,Unknown
Counting,Drama,2015,8.3,111,1,United States of America
The Call of Cthulhu,Horror,2005,6.9,47,1,United Kingdom
Bending Steel,Drama,2013,5.0,93,1,Unknown
The Signal,Thriller,2014,5.8,95,3,United States of America
The Image Revolution,Drama,2013,5.7,81,1,United States of America
This Is Martin Bonner,Drama,2013,6.6,83,1,United States of America
A True Story,Comedy,2013,6.8,96,1,Unknown
George Washington,Drama,2000,6.4,89,1,United States of America
Smiling Fish & Goat On Fire,Comedy,1999,7.0,90,1,United States of America
Dawn of the Crescent Moon,Thriller,2014,2.0,95,1,Unknown
Raymond Did It,Horror,2011,3.2,83,1,Unknown
The Last Waltz,Drama,1978,7.9,117,1,United States of America
"Run, Hide, Die",Thriller,2015,3.5,75,1,United States of America
The Exploding Girl,Drama,2009,6.4,80,1,Unknown
The Legend of God's Gun,Action,2007,6.2,78,1,Unknown
Mutual Appreciation,Drama,2005,6.1,109,1,Unknown
Her Cry: La Llorona Investigation,Horror,2013,6.2,89,1,Unknown
Down Terrace,Drama,2009,6.3,89,1,United Kingdom
Clerks,Comedy,1994,7.4,92,2,United States of America
Pink Narcissus,Drama,1971,6.0,64,1,United States of America
Funny Ha Ha,Drama,2002,6.3,85,1,United States of America
In the Company of Men,Comedy,1997,6.8,97,1,Canada
Manito,Drama,2002,5.5,78,1,United States of America
Rampage,Action,2009,6.0,85,1,Canada
Slacker,Comedy,1990,6.4,97,1,United States of America
Dutch Kills,Thriller,2015,6.2,90,1,Unknown
Dry Spell,Comedy,2013,6.0,90,1,United States of America
Flywheel,Drama,2003,6.8,120,1,United States of America
Backmask,Thriller,2015,4.7,91,1,United States of America
The Puffy Chair,Drama,2005,6.2,85,1,Unknown
Stories of Our Lives,Drama,2014,6.2,60,1,Kenya
Breaking Upwards,Comedy,2009,5.6,88,1,United States of America
All Superheroes Must Die,Sci-Fi,2011,4.2,78,1,Unknown
Pink Flamingos,Horror,1972,6.2,93,1,United States of America
Clean,Drama,2004,6.7,111,1,United Kingdom
The Circle,Drama,2000,6.6,90,1,Iran
Tin Can Man,Horror,2007,2.0,84,1,Ireland
Cure,Thriller,1997,7.4,111,1,Japan
On The Downlow,Drama,2004,6.0,90,1,United States of America
Sanctuary: Quite a Conundrum,Thriller,2012,6.2,82,1,United States of America
Bang,Drama,1995,6.0,98,1,United States of America
Primer,Sci-Fi,2004,6.9,77,3,United States of America
Cavite,Drama,2005,7.5,80,1,Unknown
El Mariachi,Action,1992,6.6,81,2,Mexico
Newlyweds,Comedy,2011,5.9,85,1,Unknown
"Signed, Sealed, Delivered",Comedy,2013,7.0,120,1,United States of America
Shanghai Calling,Drama,2012,5.7,98,1,United States of America
My Date with Drew,Drama,2005,6.3,90,1,United States of America
